review_id,product_category,product_name,rating,review_text,date
1000,모바일 전자기기,스마트폰 X5,1,배송이 너무 늦었고 포장도 부실했습니다. 게다가 카메라 성능도 마음에 들지 않고 느리게 작동합니다.,2025-02-16
1001,음향기기,블루투스 스피커 사운드톤,2,품질이 기대에 미치지 못합니다. 사운드 품질에 문제가 있고 빨리 방전되한 점이 불만입니다.,2025-01-09
1002,음향기기,블루투스 스피커 사운드톤,3,"사용하기 불편합니다. 휴대성가 잘 작동하지 않고, 과열한 점이 아쉽습니다.",2025-03-08
1003,모바일 전자기기,태블릿 프로 9,1,가격 대비 품질이 좋지 않습니다. 프로세서 속도가 부족하고 느리게 작동한 문제가 있네요. 디자인은 평범하습니다.,2025-01-09
1004,모바일 전자기기,스마트폰 X5,4,가성비가 정말 좋은 제품입니다. 프로세서 속도도 우수하고 호환성이 좋한 점이 좋네요. 추천합니다. 다음에도 같은 제품을 구매할 것 같습니다.,2025-04-03
1005,음향기기,블루투스 스피커 사운드톤,4,가성비가 정말 좋은 제품입니다. 휴대성도 우수하고 호환성이 좋한 점이 좋네요. 추천합니다.,2025-04-07
1006,모바일 전자기기,스마트폰 X5,2,품질이 기대에 미치지 못합니다. 프로세서 속도에 문제가 있고 과열한 점이 불만입니다.,2025-02-28
1007,스마트홈,홈 CCTV 시스템,5,배송이 생각보다 빨랐고 포장도 안전하게 잘 되어있었습니다. 음성 인식 정확도도 마음에 들고 디자인이 세련되합니다.,2025-01-23
1008,가전제품,전자레인지 M20,1,"사용하기 불편합니다. 소음 수준가 잘 작동하지 않고, 사용 설명서가 부실한 점이 아쉽습니다. 가격은 적당한 편입니다.",2025-02-24
1009,컴퓨터,게이밍 노트북 GT,5,"사용하기 정말 편리합니다. 저장 용량가 잘 설계되어 있고, 디자인이 세련되해서 만족스럽습니다.",2025-04-19
1010,음향기기,홈시어터 시스템,5,"사용하기 정말 편리합니다. 배터리 수명가 잘 설계되어 있고, 설치가 쉬해서 만족스럽습니다.",2024-11-11
1011,가전제품,전자레인지 M20,3,"사용하기 불편합니다. 스마트 기능가 잘 작동하지 않고, 품질이 일관적이지 않한 점이 아쉽습니다.",2025-02-19
1012,가전제품,전자레인지 M20,3,품질이 기대에 미치지 못합니다. 에너지 효율에 문제가 있고 느리게 작동한 점이 불만입니다. 다음에도 같은 제품을 구매할 것 같습니다.,2025-04-04
1013,음향기기,블루투스 스피커 사운드톤,4,"사용하기 정말 편리합니다. 휴대성가 잘 설계되어 있고, 유지 관리가 쉬해서 만족스럽습니다. 다른 제품과 비교했을 때 확실히 좋습니다.",2025-01-20
1014,모바일 전자기기,보조배터리 20000,4,제품 품질이 정말 좋습니다. 프로세서 속도가 특히 마음에 들어요. 디자인이 세련되한 점이 큰 장점입니다.,2024-11-14
1015,모바일 전자기기,스마트워치 V3,3,품질이 기대에 미치지 못합니다. 디자인에 문제가 있고 소음이 심한 점이 불만입니다.,2025-03-13
1016,가전제품,로봇청소기 클린맥스,5,제품 품질이 정말 좋습니다. 스마트 기능가 특히 마음에 들어요. 호환성이 좋한 점이 큰 장점입니다.,2024-12-10
1017,모바일 전자기기,스마트워치 V3,4,배송이 생각보다 빨랐고 포장도 안전하게 잘 되어있었습니다. 배터리 수명도 마음에 들고 호환성이 좋합니다.,2025-02-25
1018,스마트홈,AI 스피커 홈,3,"사용하기 불편합니다. 앱 사용성가 잘 작동하지 않고, 가격이 비싸한 점이 아쉽습니다.",2025-03-26
1019,음향기기,사운드바 울트라,5,가성비가 정말 좋은 제품입니다. 베이스 성능도 우수하고 에너지 효율이 좋한 점이 좋네요. 추천합니다.,2024-12-10
1020,음향기기,사운드바 울트라,5,제품 품질이 정말 좋습니다. 베이스 성능가 특히 마음에 들어요. 휴대하기 편리한 점이 큰 장점입니다.,2025-02-23
1021,가전제품,전자레인지 M20,5,제품 품질이 정말 좋습니다. 에너지 효율가 특히 마음에 들어요. 가격 대비 가치가 높한 점이 큰 장점입니다. 디자인은 세련되고 고급스럽습니다.,2025-04-26
1022,모바일 전자기기,보조배터리 20000,5,배송이 생각보다 빨랐고 포장도 안전하게 잘 되어있었습니다. 디스플레이 품질도 마음에 들고 유지 관리가 쉬합니다. 다음에도 같은 제품을 구매할 것 같습니다.,2025-02-15
1023,가전제품,전기밥솥 쿡마스터,4,제품 품질이 정말 좋습니다. 에너지 효율가 특히 마음에 들어요. 에너지 효율이 좋한 점이 큰 장점입니다.,2025-03-10
1024,스마트홈,AI 스피커 홈,2,품질이 기대에 미치지 못합니다. 연결성에 문제가 있고 사용 설명서가 부실한 점이 불만입니다. 다른 제품과 비교했을 때 아쉬운 점이 있네요.,2024-11-11
1025,가전제품,에어컨 Q시리즈,5,배송이 생각보다 빨랐고 포장도 안전하게 잘 되어있었습니다. 냉각 성능도 마음에 들고 에너지 효율이 좋합니다.,2024-12-11
1026,가전제품,스마트 냉장고 R7,3,품질이 기대에 미치지 못합니다. 에너지 효율에 문제가 있고 가격이 비싸한 점이 불만입니다. 가격은 매우 합리적입니다.,2024-12-08
1027,가전제품,전기밥솥 쿡마스터,3,"사용하기 불편합니다. 소음 수준가 잘 작동하지 않고, 자주 끊어지한 점이 아쉽습니다.",2024-12-25
1028,스마트홈,홈 CCTV 시스템,3,반품 과정이 너무 복잡했습니다. 고장이 잦한 문제로 반품을 원했는데 절차가 번거로웠습니다. 설치 용이성도 별로예요.,2025-02-13
1029,가전제품,스마트 냉장고 R7,2,가격 대비 품질이 좋지 않습니다. 에너지 효율가 부족하고 자주 끊어지한 문제가 있네요.,2024-12-10
1030,음향기기,턴테이블 클래식,5,제품 품질이 정말 좋습니다. 휴대성가 특히 마음에 들어요. 성능이 뛰어나한 점이 큰 장점입니다.,2025-04-13
1031,가전제품,전기밥솥 쿡마스터,5,고객 서비스가 정말 친절했습니다. 자주 끊어지한 문제가 있었는데 빠르게 해결해주셨어요. 소음 수준도 좋습니다.,2024-12-03
1032,스마트홈,온도조절 시스템,2,가격 대비 품질이 좋지 않습니다. 음성 인식 정확도가 부족하고 과열한 문제가 있네요.,2024-12-15
1033,스마트홈,스마트 도어락,2,"사용하기 불편합니다. 음성 인식 정확도가 잘 작동하지 않고, 설치가 어렵한 점이 아쉽습니다.",2024-11-13
1034,음향기기,턴테이블 클래식,5,배송이 생각보다 빨랐고 포장도 안전하게 잘 되어있었습니다. 휴대성도 마음에 들고 유지 관리가 쉬합니다.,2025-04-09
1035,컴퓨터,게이밍 노트북 GT,5,배송이 생각보다 빨랐고 포장도 안전하게 잘 되어있었습니다. 저장 용량도 마음에 들고 설치가 쉬합니다. 다른 제품과 비교했을 때 확실히 좋습니다.,2025-01-23
1036,음향기기,홈시어터 시스템,2,가격 대비 품질이 좋지 않습니다. 베이스 성능가 부족하고 빨리 방전되한 문제가 있네요. 가격은 다소 비싼 편입니다.,2025-04-01
1037,컴퓨터,데스크탑 워크스테이션,2,배송이 너무 늦었고 포장도 부실했습니다. 게다가 저장 용량도 마음에 들지 않고 소음이 심합니다.,2025-03-05
1038,모바일 전자기기,스마트폰 X5,2,품질이 기대에 미치지 못합니다. 프로세서 속도에 문제가 있고 자주 끊어지한 점이 불만입니다. 디자인은 투박하습니다.,2025-01-09
1039,가전제품,전기밥솥 쿡마스터,3,품질이 기대에 미치지 못합니다. 스마트 기능에 문제가 있고 빨리 방전되한 점이 불만입니다. 가격은 매우 합리적입니다.,2025-01-08
1040,음향기기,블루투스 스피커 사운드톤,4,배송이 생각보다 빨랐고 포장도 안전하게 잘 되어있었습니다. 휴대성도 마음에 들고 에너지 효율이 좋합니다.,2024-11-29
1041,컴퓨터,게이밍 노트북 GT,4,제품 품질이 정말 좋습니다. CPU 성능가 특히 마음에 들어요. 휴대하기 편리한 점이 큰 장점입니다. 다음에도 같은 제품을 구매할 것 같습니다.,2025-03-05
1042,음향기기,헤드폰 프로,5,"사용하기 정말 편리합니다. 베이스 성능가 잘 설계되어 있고, 사용이 편리해서 만족스럽습니다. 디자인은 세련되고 고급스럽습니다.",2025-03-17
1043,스마트홈,스마트 도어락,4,"사용하기 정말 편리합니다. 연결성가 잘 설계되어 있고, 사용이 편리해서 만족스럽습니다.",2025-03-18
1044,스마트홈,홈 CCTV 시스템,4,제품 품질이 정말 좋습니다. 앱 사용성가 특히 마음에 들어요. 가격 대비 가치가 높한 점이 큰 장점입니다.,2025-02-28
1045,모바일 전자기기,스마트워치 V3,4,"사용하기 정말 편리합니다. 디자인가 잘 설계되어 있고, 유지 관리가 쉬해서 만족스럽습니다. 다른 제품과 비교했을 때 확실히 좋습니다.",2024-11-14
1046,컴퓨터,울트라북 슬림9,2,품질이 기대에 미치지 못합니다. 그래픽 성능에 문제가 있고 품질이 일관적이지 않한 점이 불만입니다.,2025-02-19
1047,컴퓨터,모니터 와이드뷰,2,"사용하기 불편합니다. 그래픽 성능가 잘 작동하지 않고, 품질이 일관적이지 않한 점이 아쉽습니다.",2024-12-18
1048,스마트홈,AI 스피커 홈,3,가격 대비 품질이 좋지 않습니다. 앱 사용성가 부족하고 사용 설명서가 부실한 문제가 있네요. 디자인은 세련되고 고급스럽습니다.,2024-12-11
1049,음향기기,홈시어터 시스템,2,반품 과정이 너무 복잡했습니다. 소음이 심한 문제로 반품을 원했는데 절차가 번거로웠습니다. 무선 연결 안정성도 별로예요.,2025-03-27
1050,컴퓨터,무선 키보드 마우스 세트,5,"사용하기 정말 편리합니다. 메모리가 잘 설계되어 있고, 성능이 뛰어나해서 만족스럽습니다.",2025-03-09
1051,스마트홈,온도조절 시스템,5,배송이 생각보다 빨랐고 포장도 안전하게 잘 되어있었습니다. 음성 인식 정확도도 마음에 들고 에너지 효율이 좋합니다.,2025-02-09
1052,컴퓨터,모니터 와이드뷰,3,반품 과정이 너무 복잡했습니다. 고장이 잦한 문제로 반품을 원했는데 절차가 번거로웠습니다. CPU 성능도 별로예요.,2025-01-04
1053,컴퓨터,무선 키보드 마우스 세트,2,가격 대비 품질이 좋지 않습니다. 냉각 시스템가 부족하고 빨리 방전되한 문제가 있네요.,2024-11-16
1054,가전제품,에어컨 Q시리즈,5,배송이 생각보다 빨랐고 포장도 안전하게 잘 되어있었습니다. 에너지 효율도 마음에 들고 설치가 쉬합니다. 다른 제품과 비교했을 때 확실히 좋습니다.,2025-04-21
1055,스마트홈,스마트 조명 세트,2,"사용하기 불편합니다. 앱 사용성가 잘 작동하지 않고, 고장이 잦한 점이 아쉽습니다.",2024-12-01
1056,모바일 전자기기,스마트폰 X5,4,고객 서비스가 정말 친절했습니다. 자주 끊어지한 문제가 있었는데 빠르게 해결해주셨어요. 카메라 성능도 좋습니다.,2025-03-02
1057,모바일 전자기기,무선이어폰 플러스,5,고객 서비스가 정말 친절했습니다. 설치가 어렵한 문제가 있었는데 빠르게 해결해주셨어요. 디자인도 좋습니다. 다음에도 같은 제품을 구매할 것 같습니다.,2024-12-30
1058,음향기기,턴테이블 클래식,4,배송이 생각보다 빨랐고 포장도 안전하게 잘 되어있었습니다. 배터리 수명도 마음에 들고 설치가 쉬합니다.,2024-12-08
1059,가전제품,로봇청소기 클린맥스,3,가격 대비 품질이 좋지 않습니다. 소음 수준가 부족하고 고장이 잦한 문제가 있네요. 가격은 매우 합리적입니다.,2024-12-24
1060,컴퓨터,데스크탑 워크스테이션,4,배송이 생각보다 빨랐고 포장도 안전하게 잘 되어있었습니다. 그래픽 성능도 마음에 들고 성능이 뛰어나합니다.,2024-12-10
1061,가전제품,에어컨 Q시리즈,5,가성비가 정말 좋은 제품입니다. 냉각 성능도 우수하고 유지 관리가 쉬한 점이 좋네요. 추천합니다.,2025-01-11
1062,가전제품,전기밥솥 쿡마스터,4,고객 서비스가 정말 친절했습니다. 고장이 잦한 문제가 있었는데 빠르게 해결해주셨어요. 에너지 효율도 좋습니다.,2024-11-29
1063,컴퓨터,데스크탑 워크스테이션,4,고객 서비스가 정말 친절했습니다. 과열한 문제가 있었는데 빠르게 해결해주셨어요. 냉각 시스템도 좋습니다.,2025-01-10
1064,컴퓨터,모니터 와이드뷰,3,가격 대비 품질이 좋지 않습니다. 메모리가 부족하고 사용 설명서가 부실한 문제가 있네요. 가격은 매우 합리적입니다.,2025-04-20
1065,음향기기,턴테이블 클래식,5,고객 서비스가 정말 친절했습니다. 빨리 방전되한 문제가 있었는데 빠르게 해결해주셨어요. 휴대성도 좋습니다.,2025-01-17
1066,가전제품,전기밥솥 쿡마스터,5,"사용하기 정말 편리합니다. 세척력가 잘 설계되어 있고, 휴대하기 편리해서 만족스럽습니다.",2025-04-15
1067,컴퓨터,모니터 와이드뷰,4,제품 품질이 정말 좋습니다. 저장 용량가 특히 마음에 들어요. 설치가 쉬한 점이 큰 장점입니다. 다른 제품과 비교했을 때 확실히 좋습니다.,2025-01-10
1068,컴퓨터,울트라북 슬림9,2,품질이 기대에 미치지 못합니다. 그래픽 성능에 문제가 있고 과열한 점이 불만입니다. 가격은 다소 비싼 편입니다.,2025-04-10
1069,가전제품,에어컨 Q시리즈,3,반품 과정이 너무 복잡했습니다. 과열한 문제로 반품을 원했는데 절차가 번거로웠습니다. 에너지 효율도 별로예요.,2024-11-07
1070,컴퓨터,울트라북 슬림9,2,배송이 너무 늦었고 포장도 부실했습니다. 게다가 그래픽 성능도 마음에 들지 않고 소음이 심합니다.,2024-11-23
1071,컴퓨터,무선 키보드 마우스 세트,2,배송이 너무 늦었고 포장도 부실했습니다. 게다가 메모리도 마음에 들지 않고 빨리 방전되합니다.,2025-01-21
1072,가전제품,스마트 냉장고 R7,1,품질이 기대에 미치지 못합니다. 스마트 기능에 문제가 있고 품질이 일관적이지 않한 점이 불만입니다.,2025-02-09
1073,스마트홈,홈 CCTV 시스템,5,제품 품질이 정말 좋습니다. 음성 인식 정확도가 특히 마음에 들어요. 에너지 효율이 좋한 점이 큰 장점입니다.,2024-12-19
1074,컴퓨터,모니터 와이드뷰,1,배송이 너무 늦었고 포장도 부실했습니다. 게다가 메모리도 마음에 들지 않고 가격이 비싸합니다.,2025-03-19
1075,음향기기,사운드바 울트라,3,가격 대비 품질이 좋지 않습니다. 휴대성가 부족하고 설치가 어렵한 문제가 있네요. 다른 제품과 비교했을 때 확실히 좋습니다.,2025-01-06
1076,컴퓨터,모니터 와이드뷰,5,고객 서비스가 정말 친절했습니다. 설치가 어렵한 문제가 있었는데 빠르게 해결해주셨어요. 냉각 시스템도 좋습니다.,2024-12-30
1077,컴퓨터,울트라북 슬림9,3,가격 대비 품질이 좋지 않습니다. 저장 용량가 부족하고 설치가 어렵한 문제가 있네요. 디자인은 세련되고 고급스럽습니다.,2025-03-04
1078,음향기기,블루투스 스피커 사운드톤,3,배송이 너무 늦었고 포장도 부실했습니다. 게다가 사운드 품질도 마음에 들지 않고 사용 설명서가 부실합니다.,2025-03-10
1079,가전제품,전기밥솥 쿡마스터,2,품질이 기대에 미치지 못합니다. 냉각 성능에 문제가 있고 빨리 방전되한 점이 불만입니다.,2024-12-23
1080,가전제품,로봇청소기 클린맥스,2,"사용하기 불편합니다. 세척력가 잘 작동하지 않고, 가격이 비싸한 점이 아쉽습니다.",2024-11-30
1081,음향기기,홈시어터 시스템,4,가성비가 정말 좋은 제품입니다. 배터리 수명도 우수하고 디자인이 세련되한 점이 좋네요. 추천합니다.,2024-10-30
1082,가전제품,로봇청소기 클린맥스,5,배송이 생각보다 빨랐고 포장도 안전하게 잘 되어있었습니다. 소음 수준도 마음에 들고 가격 대비 가치가 높합니다.,2024-12-11
1083,음향기기,턴테이블 클래식,2,배송이 너무 늦었고 포장도 부실했습니다. 게다가 사운드 품질도 마음에 들지 않고 소음이 심합니다.,2025-02-14
1084,컴퓨터,게이밍 노트북 GT,1,가격 대비 품질이 좋지 않습니다. CPU 성능가 부족하고 자주 끊어지한 문제가 있네요.,2024-12-12
1085,가전제품,전기밥솥 쿡마스터,5,가성비가 정말 좋은 제품입니다. 스마트 기능도 우수하고 설치가 쉬한 점이 좋네요. 추천합니다.,2025-04-24
1086,가전제품,스마트 냉장고 R7,4,제품 품질이 정말 좋습니다. 에너지 효율가 특히 마음에 들어요. 에너지 효율이 좋한 점이 큰 장점입니다.,2024-12-26
1087,모바일 전자기기,태블릿 프로 9,5,제품 품질이 정말 좋습니다. 프로세서 속도가 특히 마음에 들어요. 가격 대비 가치가 높한 점이 큰 장점입니다.,2024-12-04
1088,스마트홈,온도조절 시스템,2,반품 과정이 너무 복잡했습니다. 사용 설명서가 부실한 문제로 반품을 원했는데 절차가 번거로웠습니다. 앱 사용성도 별로예요. 디자인은 투박하습니다.,2024-11-20
1089,음향기기,사운드바 울트라,4,제품 품질이 정말 좋습니다. 휴대성가 특히 마음에 들어요. 호환성이 좋한 점이 큰 장점입니다. 가격은 매우 합리적입니다.,2024-12-03
1090,가전제품,로봇청소기 클린맥스,2,배송이 너무 늦었고 포장도 부실했습니다. 게다가 소음 수준도 마음에 들지 않고 느리게 작동합니다.,2025-04-07
1091,모바일 전자기기,무선이어폰 플러스,3,"사용하기 불편합니다. 디자인가 잘 작동하지 않고, 소음이 심한 점이 아쉽습니다.",2024-11-02
1092,컴퓨터,모니터 와이드뷰,5,가성비가 정말 좋은 제품입니다. CPU 성능도 우수하고 호환성이 좋한 점이 좋네요. 추천합니다.,2024-11-03
1093,음향기기,헤드폰 프로,2,배송이 너무 늦었고 포장도 부실했습니다. 게다가 무선 연결 안정성도 마음에 들지 않고 빨리 방전되합니다.,2025-03-20
1094,컴퓨터,무선 키보드 마우스 세트,1,"사용하기 불편합니다. 저장 용량가 잘 작동하지 않고, 빨리 방전되한 점이 아쉽습니다.",2024-12-03
1095,스마트홈,홈 CCTV 시스템,3,"사용하기 불편합니다. 설치 용이성가 잘 작동하지 않고, 빨리 방전되한 점이 아쉽습니다.",2024-12-10
1096,스마트홈,홈 CCTV 시스템,2,품질이 기대에 미치지 못합니다. 연결성에 문제가 있고 과열한 점이 불만입니다.,2025-02-22
1097,모바일 전자기기,스마트워치 V3,2,"사용하기 불편합니다. 카메라 성능가 잘 작동하지 않고, 가격이 비싸한 점이 아쉽습니다. 가격은 다소 비싼 편입니다.",2025-04-17
1098,음향기기,사운드바 울트라,2,"사용하기 불편합니다. 사운드 품질가 잘 작동하지 않고, 설치가 어렵한 점이 아쉽습니다.",2024-12-23
1099,모바일 전자기기,태블릿 프로 9,4,가성비가 정말 좋은 제품입니다. 디스플레이 품질도 우수하고 에너지 효율이 좋한 점이 좋네요. 추천합니다.,2025-01-12
1100,모바일 전자기기,스마트워치 V3,4,"사용하기 정말 편리합니다. 배터리 수명가 잘 설계되어 있고, 유지 관리가 쉬해서 만족스럽습니다.",2025-02-04
1101,음향기기,사운드바 울트라,4,고객 서비스가 정말 친절했습니다. 품질이 일관적이지 않한 문제가 있었는데 빠르게 해결해주셨어요. 베이스 성능도 좋습니다. 다음에도 같은 제품을 구매할 것 같습니다.,2025-04-14
1102,모바일 전자기기,태블릿 프로 9,4,가성비가 정말 좋은 제품입니다. 카메라 성능도 우수하고 설치가 쉬한 점이 좋네요. 추천합니다.,2024-12-08
1103,음향기기,헤드폰 프로,1,반품 과정이 너무 복잡했습니다. 자주 끊어지한 문제로 반품을 원했는데 절차가 번거로웠습니다. 무선 연결 안정성도 별로예요.,2025-03-18
1104,가전제품,스마트 냉장고 R7,3,"사용하기 불편합니다. 소음 수준가 잘 작동하지 않고, 소음이 심한 점이 아쉽습니다. 다음에도 같은 제품을 구매할 것 같습니다.",2025-03-28
1105,스마트홈,스마트 조명 세트,5,배송이 생각보다 빨랐고 포장도 안전하게 잘 되어있었습니다. 호환성도 마음에 들고 에너지 효율이 좋합니다. 가격은 매우 합리적입니다.,2025-01-01
1106,모바일 전자기기,스마트워치 V3,4,가성비가 정말 좋은 제품입니다. 디자인도 우수하고 사용이 편리한 점이 좋네요. 추천합니다. 다음에도 같은 제품을 구매할 것 같습니다.,2025-01-30
1107,가전제품,전기밥솥 쿡마스터,3,가격 대비 품질이 좋지 않습니다. 세척력가 부족하고 가격이 비싸한 문제가 있네요.,2024-12-25
1108,컴퓨터,울트라북 슬림9,1,"사용하기 불편합니다. 냉각 시스템가 잘 작동하지 않고, 과열한 점이 아쉽습니다.",2025-02-25
1109,스마트홈,스마트 조명 세트,4,"사용하기 정말 편리합니다. 앱 사용성가 잘 설계되어 있고, 사용이 편리해서 만족스럽습니다.",2024-11-09
1110,음향기기,홈시어터 시스템,5,고객 서비스가 정말 친절했습니다. 자주 끊어지한 문제가 있었는데 빠르게 해결해주셨어요. 사운드 품질도 좋습니다. 다음에도 같은 제품을 구매할 것 같습니다.,2025-01-05
1111,가전제품,스마트 냉장고 R7,3,반품 과정이 너무 복잡했습니다. 사용 설명서가 부실한 문제로 반품을 원했는데 절차가 번거로웠습니다. 세척력도 별로예요. 다음에도 같은 제품을 구매할 것 같습니다.,2025-02-19
1112,컴퓨터,모니터 와이드뷰,3,품질이 기대에 미치지 못합니다. 냉각 시스템에 문제가 있고 과열한 점이 불만입니다. 다른 제품과 비교했을 때 확실히 좋습니다.,2025-04-18
1113,스마트홈,AI 스피커 홈,2,배송이 너무 늦었고 포장도 부실했습니다. 게다가 설치 용이성도 마음에 들지 않고 소음이 심합니다.,2025-04-02
1114,모바일 전자기기,스마트워치 V3,4,배송이 생각보다 빨랐고 포장도 안전하게 잘 되어있었습니다. 디스플레이 품질도 마음에 들고 가격 대비 가치가 높합니다.,2025-01-22
1115,가전제품,에어컨 Q시리즈,5,"사용하기 정말 편리합니다. 스마트 기능가 잘 설계되어 있고, 호환성이 좋해서 만족스럽습니다.",2025-04-07
1116,음향기기,헤드폰 프로,5,"사용하기 정말 편리합니다. 무선 연결 안정성가 잘 설계되어 있고, 디자인이 세련되해서 만족스럽습니다. 다음에도 같은 제품을 구매할 것 같습니다.",2024-12-30
1117,컴퓨터,무선 키보드 마우스 세트,5,가성비가 정말 좋은 제품입니다. 메모리도 우수하고 호환성이 좋한 점이 좋네요. 추천합니다.,2025-04-09
1118,스마트홈,홈 CCTV 시스템,3,"사용하기 불편합니다. 앱 사용성가 잘 작동하지 않고, 고장이 잦한 점이 아쉽습니다.",2025-02-09
1119,음향기기,홈시어터 시스템,2,품질이 기대에 미치지 못합니다. 무선 연결 안정성에 문제가 있고 사용 설명서가 부실한 점이 불만입니다.,2025-02-11
1120,모바일 전자기기,보조배터리 20000,1,배송이 너무 늦었고 포장도 부실했습니다. 게다가 프로세서 속도도 마음에 들지 않고 품질이 일관적이지 않합니다.,2024-12-21
1121,가전제품,전자레인지 M20,4,제품 품질이 정말 좋습니다. 소음 수준가 특히 마음에 들어요. 사용이 편리한 점이 큰 장점입니다. 다른 제품과 비교했을 때 확실히 좋습니다.,2024-11-05
1122,음향기기,홈시어터 시스템,1,가격 대비 품질이 좋지 않습니다. 사운드 품질가 부족하고 설치가 어렵한 문제가 있네요.,2025-03-25
1123,가전제품,전자레인지 M20,4,가성비가 정말 좋은 제품입니다. 스마트 기능도 우수하고 성능이 뛰어나한 점이 좋네요. 추천합니다. 다음에도 같은 제품을 구매할 것 같습니다.,2024-12-13
1124,컴퓨터,데스크탑 워크스테이션,5,배송이 생각보다 빨랐고 포장도 안전하게 잘 되어있었습니다. 그래픽 성능도 마음에 들고 가격 대비 가치가 높합니다. 디자인은 세련되고 고급스럽습니다.,2024-12-29
1125,모바일 전자기기,무선이어폰 플러스,5,제품 품질이 정말 좋습니다. 디자인가 특히 마음에 들어요. 설치가 쉬한 점이 큰 장점입니다.,2025-02-19
1126,컴퓨터,무선 키보드 마우스 세트,4,제품 품질이 정말 좋습니다. 저장 용량가 특히 마음에 들어요. 가격 대비 가치가 높한 점이 큰 장점입니다.,2024-11-15
1127,음향기기,홈시어터 시스템,2,"사용하기 불편합니다. 사운드 품질가 잘 작동하지 않고, 소음이 심한 점이 아쉽습니다.",2025-03-02
1128,모바일 전자기기,스마트폰 X5,4,제품 품질이 정말 좋습니다. 배터리 수명가 특히 마음에 들어요. 가격 대비 가치가 높한 점이 큰 장점입니다.,2024-12-22
1129,스마트홈,홈 CCTV 시스템,2,"사용하기 불편합니다. 호환성가 잘 작동하지 않고, 품질이 일관적이지 않한 점이 아쉽습니다. 다른 제품과 비교했을 때 아쉬운 점이 있네요.",2024-10-31
1130,스마트홈,온도조절 시스템,4,가성비가 정말 좋은 제품입니다. 연결성도 우수하고 가격 대비 가치가 높한 점이 좋네요. 추천합니다.,2025-02-15
1131,가전제품,로봇청소기 클린맥스,5,고객 서비스가 정말 친절했습니다. 자주 끊어지한 문제가 있었는데 빠르게 해결해주셨어요. 세척력도 좋습니다.,2024-11-03
1132,가전제품,스마트 냉장고 R7,3,반품 과정이 너무 복잡했습니다. 자주 끊어지한 문제로 반품을 원했는데 절차가 번거로웠습니다. 소음 수준도 별로예요. 가격은 매우 합리적입니다.,2025-04-04
1133,가전제품,전자레인지 M20,5,배송이 생각보다 빨랐고 포장도 안전하게 잘 되어있었습니다. 스마트 기능도 마음에 들고 호환성이 좋합니다. 가격은 매우 합리적입니다.,2025-04-10
1134,컴퓨터,울트라북 슬림9,2,배송이 너무 늦었고 포장도 부실했습니다. 게다가 저장 용량도 마음에 들지 않고 느리게 작동합니다.,2025-04-27
1135,가전제품,스마트 냉장고 R7,2,품질이 기대에 미치지 못합니다. 소음 수준에 문제가 있고 설치가 어렵한 점이 불만입니다.,2025-04-21
1136,모바일 전자기기,태블릿 프로 9,4,"사용하기 정말 편리합니다. 카메라 성능가 잘 설계되어 있고, 유지 관리가 쉬해서 만족스럽습니다. 다음에도 같은 제품을 구매할 것 같습니다.",2025-04-14
1137,스마트홈,홈 CCTV 시스템,3,"사용하기 불편합니다. 연결성가 잘 작동하지 않고, 가격이 비싸한 점이 아쉽습니다. 다른 제품과 비교했을 때 확실히 좋습니다.",2024-11-27
1138,음향기기,홈시어터 시스템,3,품질이 기대에 미치지 못합니다. 사운드 품질에 문제가 있고 고장이 잦한 점이 불만입니다.,2024-11-14
1139,모바일 전자기기,무선이어폰 플러스,1,품질이 기대에 미치지 못합니다. 배터리 수명에 문제가 있고 설치가 어렵한 점이 불만입니다.,2025-01-04
1140,가전제품,로봇청소기 클린맥스,2,반품 과정이 너무 복잡했습니다. 설치가 어렵한 문제로 반품을 원했는데 절차가 번거로웠습니다. 스마트 기능도 별로예요. 디자인은 투박하습니다.,2024-11-16
1141,스마트홈,온도조절 시스템,2,품질이 기대에 미치지 못합니다. 연결성에 문제가 있고 가격이 비싸한 점이 불만입니다.,2025-01-07
1142,가전제품,전기밥솥 쿡마스터,4,"사용하기 정말 편리합니다. 냉각 성능가 잘 설계되어 있고, 오래 지속해서 만족스럽습니다.",2025-01-01
1143,컴퓨터,데스크탑 워크스테이션,5,제품 품질이 정말 좋습니다. 메모리가 특히 마음에 들어요. 오래 지속한 점이 큰 장점입니다.,2024-11-03
1144,모바일 전자기기,스마트워치 V3,5,고객 서비스가 정말 친절했습니다. 가격이 비싸한 문제가 있었는데 빠르게 해결해주셨어요. 배터리 수명도 좋습니다.,2024-12-06
1145,모바일 전자기기,무선이어폰 플러스,4,제품 품질이 정말 좋습니다. 디스플레이 품질가 특히 마음에 들어요. 디자인이 세련되한 점이 큰 장점입니다.,2024-11-08
1146,모바일 전자기기,보조배터리 20000,3,"사용하기 불편합니다. 카메라 성능가 잘 작동하지 않고, 과열한 점이 아쉽습니다.",2025-03-04
1147,음향기기,홈시어터 시스템,5,배송이 생각보다 빨랐고 포장도 안전하게 잘 되어있었습니다. 휴대성도 마음에 들고 에너지 효율이 좋합니다. 다른 제품과 비교했을 때 확실히 좋습니다.,2025-02-15
1148,음향기기,홈시어터 시스템,5,가성비가 정말 좋은 제품입니다. 무선 연결 안정성도 우수하고 휴대하기 편리한 점이 좋네요. 추천합니다.,2025-03-12
1149,가전제품,전자레인지 M20,2,배송이 너무 늦었고 포장도 부실했습니다. 게다가 에너지 효율도 마음에 들지 않고 자주 끊어지합니다. 가격은 다소 비싼 편입니다.,2025-01-15
1150,스마트홈,스마트 조명 세트,3,가격 대비 품질이 좋지 않습니다. 앱 사용성가 부족하고 소음이 심한 문제가 있네요. 다른 제품과 비교했을 때 확실히 좋습니다.,2025-01-30
1151,모바일 전자기기,태블릿 프로 9,5,제품 품질이 정말 좋습니다. 배터리 수명가 특히 마음에 들어요. 디자인이 세련되한 점이 큰 장점입니다.,2024-11-20
1152,스마트홈,온도조절 시스템,3,배송이 너무 늦었고 포장도 부실했습니다. 게다가 음성 인식 정확도도 마음에 들지 않고 가격이 비싸합니다.,2025-01-11
1153,모바일 전자기기,스마트워치 V3,2,"사용하기 불편합니다. 디자인가 잘 작동하지 않고, 가격이 비싸한 점이 아쉽습니다.",2024-11-05
1154,스마트홈,온도조절 시스템,5,가성비가 정말 좋은 제품입니다. 앱 사용성도 우수하고 가격 대비 가치가 높한 점이 좋네요. 추천합니다. 디자인은 세련되고 고급스럽습니다.,2025-04-26
1155,컴퓨터,게이밍 노트북 GT,5,배송이 생각보다 빨랐고 포장도 안전하게 잘 되어있었습니다. 메모리도 마음에 들고 성능이 뛰어나합니다.,2024-12-21
1156,가전제품,전자레인지 M20,3,품질이 기대에 미치지 못합니다. 세척력에 문제가 있고 사용 설명서가 부실한 점이 불만입니다.,2024-11-07
1157,스마트홈,AI 스피커 홈,4,고객 서비스가 정말 친절했습니다. 사용 설명서가 부실한 문제가 있었는데 빠르게 해결해주셨어요. 설치 용이성도 좋습니다.,2024-12-01
1158,스마트홈,AI 스피커 홈,4,"사용하기 정말 편리합니다. 호환성가 잘 설계되어 있고, 휴대하기 편리해서 만족스럽습니다.",2025-03-15
1159,모바일 전자기기,태블릿 프로 9,4,고객 서비스가 정말 친절했습니다. 사용 설명서가 부실한 문제가 있었는데 빠르게 해결해주셨어요. 디스플레이 품질도 좋습니다. 디자인은 세련되고 고급스럽습니다.,2024-11-28
1160,가전제품,로봇청소기 클린맥스,5,제품 품질이 정말 좋습니다. 스마트 기능가 특히 마음에 들어요. 유지 관리가 쉬한 점이 큰 장점입니다.,2025-04-08
1161,컴퓨터,데스크탑 워크스테이션,1,배송이 너무 늦었고 포장도 부실했습니다. 게다가 CPU 성능도 마음에 들지 않고 빨리 방전되합니다.,2024-11-13
1162,가전제품,전자레인지 M20,5,배송이 생각보다 빨랐고 포장도 안전하게 잘 되어있었습니다. 에너지 효율도 마음에 들고 설치가 쉬합니다. 다음에도 같은 제품을 구매할 것 같습니다.,2024-11-11
1163,음향기기,턴테이블 클래식,4,배송이 생각보다 빨랐고 포장도 안전하게 잘 되어있었습니다. 무선 연결 안정성도 마음에 들고 설치가 쉬합니다.,2024-11-18
1164,컴퓨터,데스크탑 워크스테이션,2,반품 과정이 너무 복잡했습니다. 빨리 방전되한 문제로 반품을 원했는데 절차가 번거로웠습니다. 저장 용량도 별로예요.,2025-04-13
1165,모바일 전자기기,스마트폰 X5,4,제품 품질이 정말 좋습니다. 배터리 수명가 특히 마음에 들어요. 호환성이 좋한 점이 큰 장점입니다.,2025-02-13
1166,스마트홈,온도조절 시스템,3,반품 과정이 너무 복잡했습니다. 과열한 문제로 반품을 원했는데 절차가 번거로웠습니다. 설치 용이성도 별로예요.,2025-04-17
1167,음향기기,헤드폰 프로,5,가성비가 정말 좋은 제품입니다. 사운드 품질도 우수하고 오래 지속한 점이 좋네요. 추천합니다.,2025-01-02
1168,모바일 전자기기,태블릿 프로 9,1,반품 과정이 너무 복잡했습니다. 가격이 비싸한 문제로 반품을 원했는데 절차가 번거로웠습니다. 디스플레이 품질도 별로예요.,2025-01-05
1169,컴퓨터,데스크탑 워크스테이션,4,고객 서비스가 정말 친절했습니다. 설치가 어렵한 문제가 있었는데 빠르게 해결해주셨어요. 저장 용량도 좋습니다.,2025-01-13
1170,모바일 전자기기,보조배터리 20000,2,가격 대비 품질이 좋지 않습니다. 프로세서 속도가 부족하고 품질이 일관적이지 않한 문제가 있네요.,2025-01-19
1171,음향기기,헤드폰 프로,4,배송이 생각보다 빨랐고 포장도 안전하게 잘 되어있었습니다. 배터리 수명도 마음에 들고 호환성이 좋합니다.,2025-02-07
1172,스마트홈,홈 CCTV 시스템,5,제품 품질이 정말 좋습니다. 호환성가 특히 마음에 들어요. 에너지 효율이 좋한 점이 큰 장점입니다.,2024-11-07
1173,컴퓨터,데스크탑 워크스테이션,5,"사용하기 정말 편리합니다. 저장 용량가 잘 설계되어 있고, 가격 대비 가치가 높해서 만족스럽습니다. 가격은 매우 합리적입니다.",2025-03-04
1174,모바일 전자기기,스마트워치 V3,5,고객 서비스가 정말 친절했습니다. 설치가 어렵한 문제가 있었는데 빠르게 해결해주셨어요. 디자인도 좋습니다. 가격은 매우 합리적입니다.,2024-12-19
1175,음향기기,사운드바 울트라,5,고객 서비스가 정말 친절했습니다. 고장이 잦한 문제가 있었는데 빠르게 해결해주셨어요. 베이스 성능도 좋습니다.,2025-03-17
1176,컴퓨터,울트라북 슬림9,3,"사용하기 불편합니다. 저장 용량가 잘 작동하지 않고, 과열한 점이 아쉽습니다.",2024-11-22
1177,스마트홈,스마트 도어락,4,"사용하기 정말 편리합니다. 호환성가 잘 설계되어 있고, 설치가 쉬해서 만족스럽습니다. 다음에도 같은 제품을 구매할 것 같습니다.",2024-11-05
1178,가전제품,에어컨 Q시리즈,2,품질이 기대에 미치지 못합니다. 세척력에 문제가 있고 고장이 잦한 점이 불만입니다.,2025-03-23
1179,모바일 전자기기,보조배터리 20000,5,배송이 생각보다 빨랐고 포장도 안전하게 잘 되어있었습니다. 배터리 수명도 마음에 들고 디자인이 세련되합니다. 가격은 매우 합리적입니다.,2025-02-14
1180,스마트홈,AI 스피커 홈,5,제품 품질이 정말 좋습니다. 음성 인식 정확도가 특히 마음에 들어요. 에너지 효율이 좋한 점이 큰 장점입니다.,2025-01-02
1181,컴퓨터,울트라북 슬림9,4,배송이 생각보다 빨랐고 포장도 안전하게 잘 되어있었습니다. 저장 용량도 마음에 들고 사용이 편리합니다. 디자인은 세련되고 고급스럽습니다.,2025-04-07
1182,가전제품,에어컨 Q시리즈,5,배송이 생각보다 빨랐고 포장도 안전하게 잘 되어있었습니다. 냉각 성능도 마음에 들고 설치가 쉬합니다.,2025-02-13
1183,모바일 전자기기,스마트폰 X5,4,고객 서비스가 정말 친절했습니다. 가격이 비싸한 문제가 있었는데 빠르게 해결해주셨어요. 카메라 성능도 좋습니다.,2025-03-03
1184,컴퓨터,울트라북 슬림9,4,배송이 생각보다 빨랐고 포장도 안전하게 잘 되어있었습니다. 그래픽 성능도 마음에 들고 에너지 효율이 좋합니다.,2025-03-27
1185,모바일 전자기기,무선이어폰 플러스,2,반품 과정이 너무 복잡했습니다. 품질이 일관적이지 않한 문제로 반품을 원했는데 절차가 번거로웠습니다. 배터리 수명도 별로예요. 디자인은 투박하습니다.,2024-12-11
1186,스마트홈,AI 스피커 홈,2,반품 과정이 너무 복잡했습니다. 사용 설명서가 부실한 문제로 반품을 원했는데 절차가 번거로웠습니다. 앱 사용성도 별로예요.,2025-01-27
1187,모바일 전자기기,보조배터리 20000,4,고객 서비스가 정말 친절했습니다. 가격이 비싸한 문제가 있었는데 빠르게 해결해주셨어요. 디자인도 좋습니다.,2025-04-10
1188,스마트홈,스마트 조명 세트,5,가성비가 정말 좋은 제품입니다. 설치 용이성도 우수하고 디자인이 세련되한 점이 좋네요. 추천합니다.,2024-11-16
1189,모바일 전자기기,스마트워치 V3,5,고객 서비스가 정말 친절했습니다. 느리게 작동한 문제가 있었는데 빠르게 해결해주셨어요. 배터리 수명도 좋습니다.,2024-11-10
1190,음향기기,홈시어터 시스템,2,"사용하기 불편합니다. 배터리 수명가 잘 작동하지 않고, 느리게 작동한 점이 아쉽습니다.",2025-03-14
1191,스마트홈,AI 스피커 홈,4,배송이 생각보다 빨랐고 포장도 안전하게 잘 되어있었습니다. 연결성도 마음에 들고 사용이 편리합니다. 다음에도 같은 제품을 구매할 것 같습니다.,2025-03-07
1192,음향기기,사운드바 울트라,4,가성비가 정말 좋은 제품입니다. 베이스 성능도 우수하고 휴대하기 편리한 점이 좋네요. 추천합니다. 디자인은 세련되고 고급스럽습니다.,2025-04-18
1193,컴퓨터,게이밍 노트북 GT,4,"사용하기 정말 편리합니다. 메모리가 잘 설계되어 있고, 에너지 효율이 좋해서 만족스럽습니다. 다음에도 같은 제품을 구매할 것 같습니다.",2025-01-06
1194,스마트홈,홈 CCTV 시스템,3,"사용하기 불편합니다. 연결성가 잘 작동하지 않고, 빨리 방전되한 점이 아쉽습니다.",2025-02-18
1195,가전제품,전자레인지 M20,4,제품 품질이 정말 좋습니다. 에너지 효율가 특히 마음에 들어요. 휴대하기 편리한 점이 큰 장점입니다.,2025-02-04
1196,음향기기,사운드바 울트라,5,가성비가 정말 좋은 제품입니다. 배터리 수명도 우수하고 설치가 쉬한 점이 좋네요. 추천합니다. 디자인은 세련되고 고급스럽습니다.,2024-11-02
1197,음향기기,사운드바 울트라,4,제품 품질이 정말 좋습니다. 사운드 품질가 특히 마음에 들어요. 에너지 효율이 좋한 점이 큰 장점입니다.,2024-11-15
1198,가전제품,스마트 냉장고 R7,5,제품 품질이 정말 좋습니다. 냉각 성능가 특히 마음에 들어요. 성능이 뛰어나한 점이 큰 장점입니다.,2024-11-23
1199,컴퓨터,데스크탑 워크스테이션,4,고객 서비스가 정말 친절했습니다. 고장이 잦한 문제가 있었는데 빠르게 해결해주셨어요. 그래픽 성능도 좋습니다. 디자인은 세련되고 고급스럽습니다.,2024-12-03
1200,스마트홈,AI 스피커 홈,2,가격 대비 품질이 좋지 않습니다. 호환성가 부족하고 사용 설명서가 부실한 문제가 있네요.,2025-03-23
1201,가전제품,스마트 냉장고 R7,5,고객 서비스가 정말 친절했습니다. 가격이 비싸한 문제가 있었는데 빠르게 해결해주셨어요. 냉각 성능도 좋습니다.,2025-03-11
1202,컴퓨터,모니터 와이드뷰,5,"사용하기 정말 편리합니다. 저장 용량가 잘 설계되어 있고, 가격 대비 가치가 높해서 만족스럽습니다.",2024-11-22
1203,모바일 전자기기,무선이어폰 플러스,5,가성비가 정말 좋은 제품입니다. 배터리 수명도 우수하고 휴대하기 편리한 점이 좋네요. 추천합니다.,2025-01-04
1204,컴퓨터,데스크탑 워크스테이션,5,가성비가 정말 좋은 제품입니다. CPU 성능도 우수하고 유지 관리가 쉬한 점이 좋네요. 추천합니다.,2024-10-30
1205,가전제품,에어컨 Q시리즈,5,가성비가 정말 좋은 제품입니다. 에너지 효율도 우수하고 유지 관리가 쉬한 점이 좋네요. 추천합니다.,2024-12-22
1206,음향기기,헤드폰 프로,2,가격 대비 품질이 좋지 않습니다. 사운드 품질가 부족하고 사용 설명서가 부실한 문제가 있네요.,2025-04-05
1207,스마트홈,온도조절 시스템,5,제품 품질이 정말 좋습니다. 음성 인식 정확도가 특히 마음에 들어요. 설치가 쉬한 점이 큰 장점입니다.,2025-03-26
1208,컴퓨터,울트라북 슬림9,3,배송이 너무 늦었고 포장도 부실했습니다. 게다가 냉각 시스템도 마음에 들지 않고 느리게 작동합니다.,2024-11-15
1209,모바일 전자기기,스마트폰 X5,3,배송이 너무 늦었고 포장도 부실했습니다. 게다가 프로세서 속도도 마음에 들지 않고 느리게 작동합니다. 가격은 매우 합리적입니다.,2025-03-19
1210,컴퓨터,무선 키보드 마우스 세트,4,배송이 생각보다 빨랐고 포장도 안전하게 잘 되어있었습니다. 저장 용량도 마음에 들고 유지 관리가 쉬합니다.,2025-04-07
1211,컴퓨터,무선 키보드 마우스 세트,3,배송이 너무 늦었고 포장도 부실했습니다. 게다가 냉각 시스템도 마음에 들지 않고 품질이 일관적이지 않합니다.,2025-04-04
1212,음향기기,턴테이블 클래식,4,제품 품질이 정말 좋습니다. 사운드 품질가 특히 마음에 들어요. 오래 지속한 점이 큰 장점입니다. 디자인은 세련되고 고급스럽습니다.,2024-12-04
1213,가전제품,전자레인지 M20,4,"사용하기 정말 편리합니다. 에너지 효율가 잘 설계되어 있고, 유지 관리가 쉬해서 만족스럽습니다.",2024-11-20
1214,컴퓨터,모니터 와이드뷰,5,가성비가 정말 좋은 제품입니다. 메모리도 우수하고 설치가 쉬한 점이 좋네요. 추천합니다.,2024-11-03
1215,가전제품,전기밥솥 쿡마스터,4,배송이 생각보다 빨랐고 포장도 안전하게 잘 되어있었습니다. 냉각 성능도 마음에 들고 휴대하기 편리합니다.,2024-12-25
1216,컴퓨터,데스크탑 워크스테이션,4,고객 서비스가 정말 친절했습니다. 빨리 방전되한 문제가 있었는데 빠르게 해결해주셨어요. 저장 용량도 좋습니다.,2025-03-25
1217,스마트홈,AI 스피커 홈,4,배송이 생각보다 빨랐고 포장도 안전하게 잘 되어있었습니다. 앱 사용성도 마음에 들고 오래 지속합니다.,2025-01-02
1218,스마트홈,온도조절 시스템,4,가성비가 정말 좋은 제품입니다. 앱 사용성도 우수하고 호환성이 좋한 점이 좋네요. 추천합니다.,2025-02-23
1219,가전제품,전기밥솥 쿡마스터,3,가격 대비 품질이 좋지 않습니다. 냉각 성능가 부족하고 고장이 잦한 문제가 있네요.,2024-12-29
1220,스마트홈,온도조절 시스템,3,반품 과정이 너무 복잡했습니다. 설치가 어렵한 문제로 반품을 원했는데 절차가 번거로웠습니다. 앱 사용성도 별로예요.,2025-02-25
1221,스마트홈,온도조절 시스템,2,가격 대비 품질이 좋지 않습니다. 설치 용이성가 부족하고 가격이 비싸한 문제가 있네요. 다음에도 절대 이 브랜드 제품은 구매하지 않을 것 같습니다.,2024-11-06
1222,가전제품,로봇청소기 클린맥스,1,가격 대비 품질이 좋지 않습니다. 냉각 성능가 부족하고 자주 끊어지한 문제가 있네요.,2025-01-24
1223,음향기기,헤드폰 프로,4,제품 품질이 정말 좋습니다. 무선 연결 안정성가 특히 마음에 들어요. 에너지 효율이 좋한 점이 큰 장점입니다.,2024-12-07
1224,음향기기,홈시어터 시스템,2,품질이 기대에 미치지 못합니다. 휴대성에 문제가 있고 느리게 작동한 점이 불만입니다.,2024-11-04
1225,컴퓨터,무선 키보드 마우스 세트,4,고객 서비스가 정말 친절했습니다. 사용 설명서가 부실한 문제가 있었는데 빠르게 해결해주셨어요. CPU 성능도 좋습니다.,2025-03-22
1226,모바일 전자기기,스마트폰 X5,5,고객 서비스가 정말 친절했습니다. 느리게 작동한 문제가 있었는데 빠르게 해결해주셨어요. 디스플레이 품질도 좋습니다.,2025-02-01
1227,음향기기,헤드폰 프로,4,배송이 생각보다 빨랐고 포장도 안전하게 잘 되어있었습니다. 무선 연결 안정성도 마음에 들고 에너지 효율이 좋합니다. 디자인은 세련되고 고급스럽습니다.,2024-11-22
1228,음향기기,홈시어터 시스템,3,"사용하기 불편합니다. 휴대성가 잘 작동하지 않고, 품질이 일관적이지 않한 점이 아쉽습니다.",2024-12-18
1229,모바일 전자기기,스마트워치 V3,4,"사용하기 정말 편리합니다. 배터리 수명가 잘 설계되어 있고, 호환성이 좋해서 만족스럽습니다. 다른 제품과 비교했을 때 확실히 좋습니다.",2024-11-06
1230,음향기기,사운드바 울트라,4,고객 서비스가 정말 친절했습니다. 자주 끊어지한 문제가 있었는데 빠르게 해결해주셨어요. 휴대성도 좋습니다.,2024-11-11
1231,가전제품,전자레인지 M20,2,배송이 너무 늦었고 포장도 부실했습니다. 게다가 냉각 성능도 마음에 들지 않고 과열합니다.,2024-11-20
1232,모바일 전자기기,태블릿 프로 9,5,"사용하기 정말 편리합니다. 프로세서 속도가 잘 설계되어 있고, 성능이 뛰어나해서 만족스럽습니다.",2025-01-05
1233,스마트홈,온도조절 시스템,2,배송이 너무 늦었고 포장도 부실했습니다. 게다가 연결성도 마음에 들지 않고 가격이 비싸합니다.,2024-12-28
1234,스마트홈,온도조절 시스템,4,"사용하기 정말 편리합니다. 앱 사용성가 잘 설계되어 있고, 유지 관리가 쉬해서 만족스럽습니다.",2025-02-06
1235,컴퓨터,무선 키보드 마우스 세트,3,가격 대비 품질이 좋지 않습니다. CPU 성능가 부족하고 가격이 비싸한 문제가 있네요.,2025-03-09
1236,컴퓨터,데스크탑 워크스테이션,1,가격 대비 품질이 좋지 않습니다. 메모리가 부족하고 고장이 잦한 문제가 있네요.,2025-03-05
1237,컴퓨터,데스크탑 워크스테이션,5,"사용하기 정말 편리합니다. 냉각 시스템가 잘 설계되어 있고, 에너지 효율이 좋해서 만족스럽습니다. 가격은 매우 합리적입니다.",2024-12-02
1238,컴퓨터,게이밍 노트북 GT,4,"사용하기 정말 편리합니다. 저장 용량가 잘 설계되어 있고, 디자인이 세련되해서 만족스럽습니다.",2025-04-07
1239,음향기기,홈시어터 시스템,3,배송이 너무 늦었고 포장도 부실했습니다. 게다가 무선 연결 안정성도 마음에 들지 않고 빨리 방전되합니다. 가격은 매우 합리적입니다.,2024-10-31
1240,가전제품,스마트 냉장고 R7,2,배송이 너무 늦었고 포장도 부실했습니다. 게다가 소음 수준도 마음에 들지 않고 자주 끊어지합니다.,2024-12-13
1241,스마트홈,AI 스피커 홈,2,반품 과정이 너무 복잡했습니다. 느리게 작동한 문제로 반품을 원했는데 절차가 번거로웠습니다. 연결성도 별로예요.,2025-03-23
1242,스마트홈,스마트 조명 세트,2,가격 대비 품질이 좋지 않습니다. 음성 인식 정확도가 부족하고 소음이 심한 문제가 있네요. 다른 제품과 비교했을 때 아쉬운 점이 있네요.,2025-03-07
1243,음향기기,헤드폰 프로,3,"사용하기 불편합니다. 베이스 성능가 잘 작동하지 않고, 느리게 작동한 점이 아쉽습니다. 다음에도 같은 제품을 구매할 것 같습니다.",2025-04-18
1244,스마트홈,스마트 도어락,1,품질이 기대에 미치지 못합니다. 연결성에 문제가 있고 소음이 심한 점이 불만입니다.,2025-02-12
1245,컴퓨터,데스크탑 워크스테이션,3,반품 과정이 너무 복잡했습니다. 고장이 잦한 문제로 반품을 원했는데 절차가 번거로웠습니다. 냉각 시스템도 별로예요. 다음에도 같은 제품을 구매할 것 같습니다.,2024-11-14
1246,컴퓨터,울트라북 슬림9,5,"사용하기 정말 편리합니다. CPU 성능가 잘 설계되어 있고, 디자인이 세련되해서 만족스럽습니다.",2025-02-02
1247,컴퓨터,데스크탑 워크스테이션,2,배송이 너무 늦었고 포장도 부실했습니다. 게다가 CPU 성능도 마음에 들지 않고 품질이 일관적이지 않합니다. 디자인은 투박하습니다.,2024-11-06
1248,모바일 전자기기,무선이어폰 플러스,2,배송이 너무 늦었고 포장도 부실했습니다. 게다가 카메라 성능도 마음에 들지 않고 고장이 잦합니다. 다른 제품과 비교했을 때 아쉬운 점이 있네요.,2025-04-03
1249,컴퓨터,모니터 와이드뷰,5,가성비가 정말 좋은 제품입니다. 저장 용량도 우수하고 디자인이 세련되한 점이 좋네요. 추천합니다. 다른 제품과 비교했을 때 확실히 좋습니다.,2025-01-03
1250,컴퓨터,데스크탑 워크스테이션,1,품질이 기대에 미치지 못합니다. 그래픽 성능에 문제가 있고 고장이 잦한 점이 불만입니다.,2025-02-26
1251,음향기기,홈시어터 시스템,1,가격 대비 품질이 좋지 않습니다. 무선 연결 안정성가 부족하고 품질이 일관적이지 않한 문제가 있네요.,2025-03-28
1252,가전제품,전기밥솥 쿡마스터,5,가성비가 정말 좋은 제품입니다. 스마트 기능도 우수하고 에너지 효율이 좋한 점이 좋네요. 추천합니다. 가격은 매우 합리적입니다.,2025-01-01
1253,가전제품,전자레인지 M20,5,고객 서비스가 정말 친절했습니다. 빨리 방전되한 문제가 있었는데 빠르게 해결해주셨어요. 냉각 성능도 좋습니다. 다른 제품과 비교했을 때 확실히 좋습니다.,2024-12-14
1254,모바일 전자기기,보조배터리 20000,3,반품 과정이 너무 복잡했습니다. 느리게 작동한 문제로 반품을 원했는데 절차가 번거로웠습니다. 디자인도 별로예요.,2025-03-07
1255,음향기기,사운드바 울트라,5,고객 서비스가 정말 친절했습니다. 빨리 방전되한 문제가 있었는데 빠르게 해결해주셨어요. 베이스 성능도 좋습니다. 다음에도 같은 제품을 구매할 것 같습니다.,2024-11-04
1256,모바일 전자기기,무선이어폰 플러스,5,"사용하기 정말 편리합니다. 디스플레이 품질가 잘 설계되어 있고, 호환성이 좋해서 만족스럽습니다.",2024-12-17
1257,컴퓨터,게이밍 노트북 GT,4,배송이 생각보다 빨랐고 포장도 안전하게 잘 되어있었습니다. 그래픽 성능도 마음에 들고 호환성이 좋합니다.,2025-02-21
1258,컴퓨터,게이밍 노트북 GT,3,"사용하기 불편합니다. 그래픽 성능가 잘 작동하지 않고, 자주 끊어지한 점이 아쉽습니다.",2025-04-12
1259,가전제품,전기밥솥 쿡마스터,4,"사용하기 정말 편리합니다. 냉각 성능가 잘 설계되어 있고, 에너지 효율이 좋해서 만족스럽습니다.",2025-01-20
1260,음향기기,헤드폰 프로,2,배송이 너무 늦었고 포장도 부실했습니다. 게다가 사운드 품질도 마음에 들지 않고 가격이 비싸합니다.,2025-01-28
1261,가전제품,스마트 냉장고 R7,5,고객 서비스가 정말 친절했습니다. 가격이 비싸한 문제가 있었는데 빠르게 해결해주셨어요. 냉각 성능도 좋습니다.,2025-02-10
1262,가전제품,에어컨 Q시리즈,3,가격 대비 품질이 좋지 않습니다. 소음 수준가 부족하고 과열한 문제가 있네요.,2025-01-29
1263,스마트홈,온도조절 시스템,5,제품 품질이 정말 좋습니다. 앱 사용성가 특히 마음에 들어요. 오래 지속한 점이 큰 장점입니다.,2025-02-25
1264,음향기기,블루투스 스피커 사운드톤,5,"사용하기 정말 편리합니다. 배터리 수명가 잘 설계되어 있고, 가격 대비 가치가 높해서 만족스럽습니다.",2025-04-16
1265,모바일 전자기기,태블릿 프로 9,3,반품 과정이 너무 복잡했습니다. 설치가 어렵한 문제로 반품을 원했는데 절차가 번거로웠습니다. 카메라 성능도 별로예요.,2025-02-12
1266,컴퓨터,울트라북 슬림9,4,배송이 생각보다 빨랐고 포장도 안전하게 잘 되어있었습니다. 냉각 시스템도 마음에 들고 에너지 효율이 좋합니다.,2025-03-22
1267,음향기기,턴테이블 클래식,1,반품 과정이 너무 복잡했습니다. 고장이 잦한 문제로 반품을 원했는데 절차가 번거로웠습니다. 배터리 수명도 별로예요. 다음에도 다른 제품을 찾아볼 것 같습니다.,2025-03-14
1268,음향기기,홈시어터 시스템,1,배송이 너무 늦었고 포장도 부실했습니다. 게다가 배터리 수명도 마음에 들지 않고 소음이 심합니다.,2025-01-11
1269,음향기기,사운드바 울트라,5,배송이 생각보다 빨랐고 포장도 안전하게 잘 되어있었습니다. 무선 연결 안정성도 마음에 들고 설치가 쉬합니다.,2025-03-01
1270,스마트홈,온도조절 시스템,3,배송이 너무 늦었고 포장도 부실했습니다. 게다가 설치 용이성도 마음에 들지 않고 소음이 심합니다.,2025-03-24
1271,모바일 전자기기,무선이어폰 플러스,4,배송이 생각보다 빨랐고 포장도 안전하게 잘 되어있었습니다. 디자인도 마음에 들고 사용이 편리합니다.,2025-04-04
1272,음향기기,턴테이블 클래식,5,고객 서비스가 정말 친절했습니다. 과열한 문제가 있었는데 빠르게 해결해주셨어요. 베이스 성능도 좋습니다.,2025-04-09
1273,컴퓨터,데스크탑 워크스테이션,5,제품 품질이 정말 좋습니다. CPU 성능가 특히 마음에 들어요. 설치가 쉬한 점이 큰 장점입니다.,2025-03-04
1274,가전제품,전기밥솥 쿡마스터,5,가성비가 정말 좋은 제품입니다. 세척력도 우수하고 에너지 효율이 좋한 점이 좋네요. 추천합니다.,2024-12-07
1275,컴퓨터,데스크탑 워크스테이션,4,"사용하기 정말 편리합니다. 냉각 시스템가 잘 설계되어 있고, 설치가 쉬해서 만족스럽습니다. 다음에도 같은 제품을 구매할 것 같습니다.",2025-01-25
1276,컴퓨터,울트라북 슬림9,4,제품 품질이 정말 좋습니다. 메모리가 특히 마음에 들어요. 호환성이 좋한 점이 큰 장점입니다. 다른 제품과 비교했을 때 확실히 좋습니다.,2025-02-06
1277,컴퓨터,무선 키보드 마우스 세트,2,가격 대비 품질이 좋지 않습니다. 메모리가 부족하고 느리게 작동한 문제가 있네요.,2024-11-30
1278,스마트홈,온도조절 시스템,5,가성비가 정말 좋은 제품입니다. 호환성도 우수하고 디자인이 세련되한 점이 좋네요. 추천합니다. 다음에도 같은 제품을 구매할 것 같습니다.,2024-12-21
1279,스마트홈,스마트 도어락,1,배송이 너무 늦었고 포장도 부실했습니다. 게다가 앱 사용성도 마음에 들지 않고 가격이 비싸합니다.,2025-01-27
1280,음향기기,블루투스 스피커 사운드톤,3,품질이 기대에 미치지 못합니다. 사운드 품질에 문제가 있고 자주 끊어지한 점이 불만입니다.,2025-04-19
1281,가전제품,스마트 냉장고 R7,1,배송이 너무 늦었고 포장도 부실했습니다. 게다가 에너지 효율도 마음에 들지 않고 가격이 비싸합니다.,2025-03-20
1282,음향기기,턴테이블 클래식,3,품질이 기대에 미치지 못합니다. 배터리 수명에 문제가 있고 자주 끊어지한 점이 불만입니다.,2024-11-10
1283,모바일 전자기기,스마트폰 X5,3,가격 대비 품질이 좋지 않습니다. 디자인가 부족하고 자주 끊어지한 문제가 있네요. 다음에도 같은 제품을 구매할 것 같습니다.,2025-02-16
1284,가전제품,스마트 냉장고 R7,5,배송이 생각보다 빨랐고 포장도 안전하게 잘 되어있었습니다. 소음 수준도 마음에 들고 가격 대비 가치가 높합니다.,2024-12-14
1285,컴퓨터,데스크탑 워크스테이션,4,"사용하기 정말 편리합니다. 저장 용량가 잘 설계되어 있고, 설치가 쉬해서 만족스럽습니다.",2025-04-07
1286,가전제품,로봇청소기 클린맥스,2,품질이 기대에 미치지 못합니다. 에너지 효율에 문제가 있고 사용 설명서가 부실한 점이 불만입니다.,2025-04-07
1287,스마트홈,AI 스피커 홈,2,품질이 기대에 미치지 못합니다. 앱 사용성에 문제가 있고 고장이 잦한 점이 불만입니다.,2025-04-25
1288,컴퓨터,무선 키보드 마우스 세트,5,배송이 생각보다 빨랐고 포장도 안전하게 잘 되어있었습니다. 그래픽 성능도 마음에 들고 가격 대비 가치가 높합니다.,2024-12-13
1289,모바일 전자기기,스마트폰 X5,2,반품 과정이 너무 복잡했습니다. 자주 끊어지한 문제로 반품을 원했는데 절차가 번거로웠습니다. 디자인도 별로예요. 디자인은 투박하습니다.,2025-02-15
1290,모바일 전자기기,태블릿 프로 9,2,품질이 기대에 미치지 못합니다. 디스플레이 품질에 문제가 있고 소음이 심한 점이 불만입니다.,2025-03-22
1291,음향기기,사운드바 울트라,2,"사용하기 불편합니다. 무선 연결 안정성가 잘 작동하지 않고, 느리게 작동한 점이 아쉽습니다.",2024-12-10
1292,컴퓨터,게이밍 노트북 GT,5,제품 품질이 정말 좋습니다. CPU 성능가 특히 마음에 들어요. 휴대하기 편리한 점이 큰 장점입니다. 다음에도 같은 제품을 구매할 것 같습니다.,2025-01-06
1293,컴퓨터,게이밍 노트북 GT,2,"사용하기 불편합니다. 메모리가 잘 작동하지 않고, 과열한 점이 아쉽습니다.",2025-02-17
1294,스마트홈,스마트 조명 세트,5,"사용하기 정말 편리합니다. 호환성가 잘 설계되어 있고, 오래 지속해서 만족스럽습니다.",2024-11-04
1295,가전제품,스마트 냉장고 R7,5,"사용하기 정말 편리합니다. 소음 수준가 잘 설계되어 있고, 성능이 뛰어나해서 만족스럽습니다.",2025-02-18
1296,모바일 전자기기,스마트폰 X5,5,가성비가 정말 좋은 제품입니다. 디스플레이 품질도 우수하고 디자인이 세련되한 점이 좋네요. 추천합니다.,2025-02-08
1297,가전제품,전기밥솥 쿡마스터,3,반품 과정이 너무 복잡했습니다. 사용 설명서가 부실한 문제로 반품을 원했는데 절차가 번거로웠습니다. 스마트 기능도 별로예요.,2024-12-06
1298,컴퓨터,무선 키보드 마우스 세트,5,가성비가 정말 좋은 제품입니다. 냉각 시스템도 우수하고 에너지 효율이 좋한 점이 좋네요. 추천합니다.,2024-11-26
1299,스마트홈,AI 스피커 홈,1,반품 과정이 너무 복잡했습니다. 가격이 비싸한 문제로 반품을 원했는데 절차가 번거로웠습니다. 앱 사용성도 별로예요.,2024-12-05
1300,가전제품,에어컨 Q시리즈,4,"사용하기 정말 편리합니다. 세척력가 잘 설계되어 있고, 성능이 뛰어나해서 만족스럽습니다.",2025-02-09
1301,컴퓨터,모니터 와이드뷰,4,가성비가 정말 좋은 제품입니다. 그래픽 성능도 우수하고 디자인이 세련되한 점이 좋네요. 추천합니다. 다음에도 같은 제품을 구매할 것 같습니다.,2024-12-25
1302,음향기기,턴테이블 클래식,5,배송이 생각보다 빨랐고 포장도 안전하게 잘 되어있었습니다. 사운드 품질도 마음에 들고 디자인이 세련되합니다. 디자인은 세련되고 고급스럽습니다.,2024-12-31
1303,음향기기,사운드바 울트라,4,"사용하기 정말 편리합니다. 무선 연결 안정성가 잘 설계되어 있고, 호환성이 좋해서 만족스럽습니다.",2025-01-05
1304,음향기기,헤드폰 프로,3,"사용하기 불편합니다. 베이스 성능가 잘 작동하지 않고, 설치가 어렵한 점이 아쉽습니다. 다음에도 같은 제품을 구매할 것 같습니다.",2025-02-06
1305,음향기기,헤드폰 프로,4,"사용하기 정말 편리합니다. 무선 연결 안정성가 잘 설계되어 있고, 휴대하기 편리해서 만족스럽습니다. 가격은 매우 합리적입니다.",2025-01-21
1306,음향기기,턴테이블 클래식,5,제품 품질이 정말 좋습니다. 휴대성가 특히 마음에 들어요. 설치가 쉬한 점이 큰 장점입니다.,2024-11-04
1307,컴퓨터,게이밍 노트북 GT,4,배송이 생각보다 빨랐고 포장도 안전하게 잘 되어있었습니다. 메모리도 마음에 들고 디자인이 세련되합니다.,2024-11-06
1308,가전제품,전기밥솥 쿡마스터,4,고객 서비스가 정말 친절했습니다. 품질이 일관적이지 않한 문제가 있었는데 빠르게 해결해주셨어요. 냉각 성능도 좋습니다.,2025-04-09
1309,음향기기,사운드바 울트라,3,반품 과정이 너무 복잡했습니다. 품질이 일관적이지 않한 문제로 반품을 원했는데 절차가 번거로웠습니다. 무선 연결 안정성도 별로예요.,2025-04-18
1310,가전제품,로봇청소기 클린맥스,5,제품 품질이 정말 좋습니다. 스마트 기능가 특히 마음에 들어요. 호환성이 좋한 점이 큰 장점입니다. 디자인은 세련되고 고급스럽습니다.,2024-11-13
1311,스마트홈,AI 스피커 홈,5,배송이 생각보다 빨랐고 포장도 안전하게 잘 되어있었습니다. 음성 인식 정확도도 마음에 들고 유지 관리가 쉬합니다.,2025-04-02
1312,음향기기,헤드폰 프로,3,"사용하기 불편합니다. 배터리 수명가 잘 작동하지 않고, 품질이 일관적이지 않한 점이 아쉽습니다.",2025-01-22
1313,모바일 전자기기,무선이어폰 플러스,5,제품 품질이 정말 좋습니다. 디스플레이 품질가 특히 마음에 들어요. 오래 지속한 점이 큰 장점입니다.,2025-02-11
1314,컴퓨터,모니터 와이드뷰,5,가성비가 정말 좋은 제품입니다. 메모리도 우수하고 설치가 쉬한 점이 좋네요. 추천합니다.,2024-12-15
1315,스마트홈,홈 CCTV 시스템,5,제품 품질이 정말 좋습니다. 연결성가 특히 마음에 들어요. 사용이 편리한 점이 큰 장점입니다.,2025-02-10
1316,가전제품,에어컨 Q시리즈,3,배송이 너무 늦었고 포장도 부실했습니다. 게다가 스마트 기능도 마음에 들지 않고 설치가 어렵합니다.,2025-03-14
1317,스마트홈,스마트 도어락,4,배송이 생각보다 빨랐고 포장도 안전하게 잘 되어있었습니다. 앱 사용성도 마음에 들고 에너지 효율이 좋합니다.,2024-11-17
1318,음향기기,헤드폰 프로,3,"사용하기 불편합니다. 배터리 수명가 잘 작동하지 않고, 자주 끊어지한 점이 아쉽습니다.",2024-11-27
1319,모바일 전자기기,보조배터리 20000,5,가성비가 정말 좋은 제품입니다. 카메라 성능도 우수하고 휴대하기 편리한 점이 좋네요. 추천합니다.,2024-12-11
1320,컴퓨터,모니터 와이드뷰,3,반품 과정이 너무 복잡했습니다. 사용 설명서가 부실한 문제로 반품을 원했는데 절차가 번거로웠습니다. 저장 용량도 별로예요.,2024-11-15
1321,모바일 전자기기,스마트워치 V3,4,배송이 생각보다 빨랐고 포장도 안전하게 잘 되어있었습니다. 디자인도 마음에 들고 디자인이 세련되합니다.,2024-12-31
1322,가전제품,로봇청소기 클린맥스,5,제품 품질이 정말 좋습니다. 세척력가 특히 마음에 들어요. 성능이 뛰어나한 점이 큰 장점입니다.,2025-02-25
1323,음향기기,사운드바 울트라,4,고객 서비스가 정말 친절했습니다. 사용 설명서가 부실한 문제가 있었는데 빠르게 해결해주셨어요. 베이스 성능도 좋습니다.,2024-11-26
1324,음향기기,헤드폰 프로,3,가격 대비 품질이 좋지 않습니다. 배터리 수명가 부족하고 느리게 작동한 문제가 있네요.,2025-03-16
1325,스마트홈,온도조절 시스템,5,"사용하기 정말 편리합니다. 연결성가 잘 설계되어 있고, 성능이 뛰어나해서 만족스럽습니다. 다음에도 같은 제품을 구매할 것 같습니다.",2025-01-26
1326,스마트홈,스마트 조명 세트,4,배송이 생각보다 빨랐고 포장도 안전하게 잘 되어있었습니다. 설치 용이성도 마음에 들고 오래 지속합니다.,2025-01-04
1327,가전제품,로봇청소기 클린맥스,5,고객 서비스가 정말 친절했습니다. 느리게 작동한 문제가 있었는데 빠르게 해결해주셨어요. 소음 수준도 좋습니다. 다음에도 같은 제품을 구매할 것 같습니다.,2025-02-16
1328,음향기기,턴테이블 클래식,5,가성비가 정말 좋은 제품입니다. 사운드 품질도 우수하고 유지 관리가 쉬한 점이 좋네요. 추천합니다.,2024-12-02
1329,모바일 전자기기,무선이어폰 플러스,3,품질이 기대에 미치지 못합니다. 디스플레이 품질에 문제가 있고 과열한 점이 불만입니다. 다른 제품과 비교했을 때 확실히 좋습니다.,2025-03-03
1330,스마트홈,홈 CCTV 시스템,4,제품 품질이 정말 좋습니다. 설치 용이성가 특히 마음에 들어요. 가격 대비 가치가 높한 점이 큰 장점입니다. 디자인은 세련되고 고급스럽습니다.,2025-04-05
1331,음향기기,사운드바 울트라,5,배송이 생각보다 빨랐고 포장도 안전하게 잘 되어있었습니다. 베이스 성능도 마음에 들고 가격 대비 가치가 높합니다.,2024-11-21
1332,음향기기,홈시어터 시스템,2,가격 대비 품질이 좋지 않습니다. 베이스 성능가 부족하고 소음이 심한 문제가 있네요.,2024-12-11
1333,음향기기,블루투스 스피커 사운드톤,5,가성비가 정말 좋은 제품입니다. 사운드 품질도 우수하고 성능이 뛰어나한 점이 좋네요. 추천합니다.,2025-01-12
1334,컴퓨터,울트라북 슬림9,2,배송이 너무 늦었고 포장도 부실했습니다. 게다가 메모리도 마음에 들지 않고 품질이 일관적이지 않합니다.,2025-01-17
1335,스마트홈,스마트 조명 세트,5,"사용하기 정말 편리합니다. 연결성가 잘 설계되어 있고, 유지 관리가 쉬해서 만족스럽습니다.",2024-11-16
1336,컴퓨터,모니터 와이드뷰,3,품질이 기대에 미치지 못합니다. 냉각 시스템에 문제가 있고 빨리 방전되한 점이 불만입니다.,2025-02-03
1337,컴퓨터,게이밍 노트북 GT,3,"사용하기 불편합니다. CPU 성능가 잘 작동하지 않고, 과열한 점이 아쉽습니다.",2025-01-16
1338,컴퓨터,데스크탑 워크스테이션,3,반품 과정이 너무 복잡했습니다. 고장이 잦한 문제로 반품을 원했는데 절차가 번거로웠습니다. CPU 성능도 별로예요. 다른 제품과 비교했을 때 확실히 좋습니다.,2024-12-01
1339,모바일 전자기기,스마트폰 X5,2,품질이 기대에 미치지 못합니다. 배터리 수명에 문제가 있고 느리게 작동한 점이 불만입니다.,2024-12-31
1340,스마트홈,스마트 도어락,1,배송이 너무 늦었고 포장도 부실했습니다. 게다가 음성 인식 정확도도 마음에 들지 않고 소음이 심합니다.,2025-03-25
1341,컴퓨터,게이밍 노트북 GT,4,제품 품질이 정말 좋습니다. CPU 성능가 특히 마음에 들어요. 에너지 효율이 좋한 점이 큰 장점입니다. 가격은 매우 합리적입니다.,2024-11-08
1342,스마트홈,AI 스피커 홈,1,배송이 너무 늦었고 포장도 부실했습니다. 게다가 연결성도 마음에 들지 않고 고장이 잦합니다.,2025-04-03
1343,가전제품,전자레인지 M20,2,품질이 기대에 미치지 못합니다. 에너지 효율에 문제가 있고 설치가 어렵한 점이 불만입니다. 다음에도 절대 이 브랜드 제품은 구매하지 않을 것 같습니다.,2025-01-04
1344,가전제품,전기밥솥 쿡마스터,5,제품 품질이 정말 좋습니다. 냉각 성능가 특히 마음에 들어요. 오래 지속한 점이 큰 장점입니다.,2025-02-28
1345,컴퓨터,울트라북 슬림9,4,제품 품질이 정말 좋습니다. CPU 성능가 특히 마음에 들어요. 유지 관리가 쉬한 점이 큰 장점입니다.,2025-03-24
1346,가전제품,전기밥솥 쿡마스터,4,"사용하기 정말 편리합니다. 소음 수준가 잘 설계되어 있고, 호환성이 좋해서 만족스럽습니다. 다른 제품과 비교했을 때 확실히 좋습니다.",2025-03-04
1347,모바일 전자기기,태블릿 프로 9,5,가성비가 정말 좋은 제품입니다. 디스플레이 품질도 우수하고 에너지 효율이 좋한 점이 좋네요. 추천합니다. 가격은 매우 합리적입니다.,2024-11-28
1348,컴퓨터,게이밍 노트북 GT,5,고객 서비스가 정말 친절했습니다. 소음이 심한 문제가 있었는데 빠르게 해결해주셨어요. 냉각 시스템도 좋습니다. 다른 제품과 비교했을 때 확실히 좋습니다.,2024-12-07
1349,컴퓨터,울트라북 슬림9,3,배송이 너무 늦었고 포장도 부실했습니다. 게다가 냉각 시스템도 마음에 들지 않고 사용 설명서가 부실합니다.,2024-11-23
1350,가전제품,전기밥솥 쿡마스터,4,"사용하기 정말 편리합니다. 소음 수준가 잘 설계되어 있고, 호환성이 좋해서 만족스럽습니다.",2025-03-30
1351,모바일 전자기기,스마트워치 V3,4,고객 서비스가 정말 친절했습니다. 설치가 어렵한 문제가 있었는데 빠르게 해결해주셨어요. 디스플레이 품질도 좋습니다.,2025-03-25
1352,가전제품,전기밥솥 쿡마스터,5,제품 품질이 정말 좋습니다. 스마트 기능가 특히 마음에 들어요. 사용이 편리한 점이 큰 장점입니다.,2025-04-23
1353,모바일 전자기기,무선이어폰 플러스,3,"사용하기 불편합니다. 디자인가 잘 작동하지 않고, 사용 설명서가 부실한 점이 아쉽습니다.",2025-02-13
1354,음향기기,턴테이블 클래식,2,품질이 기대에 미치지 못합니다. 무선 연결 안정성에 문제가 있고 소음이 심한 점이 불만입니다.,2025-03-19
1355,가전제품,에어컨 Q시리즈,3,반품 과정이 너무 복잡했습니다. 빨리 방전되한 문제로 반품을 원했는데 절차가 번거로웠습니다. 냉각 성능도 별로예요.,2025-02-03
1356,가전제품,스마트 냉장고 R7,5,제품 품질이 정말 좋습니다. 냉각 성능가 특히 마음에 들어요. 설치가 쉬한 점이 큰 장점입니다.,2025-04-05
1357,컴퓨터,울트라북 슬림9,5,제품 품질이 정말 좋습니다. CPU 성능가 특히 마음에 들어요. 성능이 뛰어나한 점이 큰 장점입니다. 디자인은 세련되고 고급스럽습니다.,2025-04-24
1358,가전제품,로봇청소기 클린맥스,5,제품 품질이 정말 좋습니다. 에너지 효율가 특히 마음에 들어요. 휴대하기 편리한 점이 큰 장점입니다.,2025-02-18
1359,모바일 전자기기,스마트워치 V3,1,"사용하기 불편합니다. 배터리 수명가 잘 작동하지 않고, 고장이 잦한 점이 아쉽습니다.",2024-12-01
1360,스마트홈,온도조절 시스템,5,가성비가 정말 좋은 제품입니다. 앱 사용성도 우수하고 오래 지속한 점이 좋네요. 추천합니다.,2025-01-23
1361,모바일 전자기기,태블릿 프로 9,1,품질이 기대에 미치지 못합니다. 배터리 수명에 문제가 있고 자주 끊어지한 점이 불만입니다.,2024-12-18
1362,컴퓨터,모니터 와이드뷰,5,고객 서비스가 정말 친절했습니다. 과열한 문제가 있었는데 빠르게 해결해주셨어요. 그래픽 성능도 좋습니다.,2025-03-13
1363,스마트홈,홈 CCTV 시스템,4,가성비가 정말 좋은 제품입니다. 호환성도 우수하고 오래 지속한 점이 좋네요. 추천합니다.,2025-04-08
1364,모바일 전자기기,태블릿 프로 9,5,"사용하기 정말 편리합니다. 배터리 수명가 잘 설계되어 있고, 오래 지속해서 만족스럽습니다. 디자인은 세련되고 고급스럽습니다.",2024-12-16
1365,컴퓨터,게이밍 노트북 GT,3,가격 대비 품질이 좋지 않습니다. 그래픽 성능가 부족하고 과열한 문제가 있네요.,2025-01-01
1366,컴퓨터,무선 키보드 마우스 세트,5,고객 서비스가 정말 친절했습니다. 과열한 문제가 있었는데 빠르게 해결해주셨어요. 저장 용량도 좋습니다. 가격은 매우 합리적입니다.,2024-12-30
1367,가전제품,스마트 냉장고 R7,4,고객 서비스가 정말 친절했습니다. 자주 끊어지한 문제가 있었는데 빠르게 해결해주셨어요. 소음 수준도 좋습니다. 다른 제품과 비교했을 때 확실히 좋습니다.,2025-04-21
1368,스마트홈,홈 CCTV 시스템,5,배송이 생각보다 빨랐고 포장도 안전하게 잘 되어있었습니다. 호환성도 마음에 들고 에너지 효율이 좋합니다. 가격은 매우 합리적입니다.,2025-03-06
1369,컴퓨터,게이밍 노트북 GT,5,"사용하기 정말 편리합니다. 냉각 시스템가 잘 설계되어 있고, 휴대하기 편리해서 만족스럽습니다. 다른 제품과 비교했을 때 확실히 좋습니다.",2025-02-27
1370,음향기기,블루투스 스피커 사운드톤,3,품질이 기대에 미치지 못합니다. 배터리 수명에 문제가 있고 품질이 일관적이지 않한 점이 불만입니다.,2025-03-24
1371,가전제품,에어컨 Q시리즈,4,"사용하기 정말 편리합니다. 세척력가 잘 설계되어 있고, 휴대하기 편리해서 만족스럽습니다.",2025-02-20
1372,가전제품,스마트 냉장고 R7,5,제품 품질이 정말 좋습니다. 스마트 기능가 특히 마음에 들어요. 성능이 뛰어나한 점이 큰 장점입니다.,2025-03-24
1373,스마트홈,홈 CCTV 시스템,4,가성비가 정말 좋은 제품입니다. 호환성도 우수하고 가격 대비 가치가 높한 점이 좋네요. 추천합니다.,2025-03-28
1374,컴퓨터,게이밍 노트북 GT,5,고객 서비스가 정말 친절했습니다. 과열한 문제가 있었는데 빠르게 해결해주셨어요. 저장 용량도 좋습니다. 디자인은 세련되고 고급스럽습니다.,2025-03-18
1375,가전제품,스마트 냉장고 R7,1,"사용하기 불편합니다. 세척력가 잘 작동하지 않고, 가격이 비싸한 점이 아쉽습니다.",2025-02-23
1376,컴퓨터,울트라북 슬림9,5,고객 서비스가 정말 친절했습니다. 과열한 문제가 있었는데 빠르게 해결해주셨어요. 메모리도 좋습니다.,2025-01-14
1377,모바일 전자기기,태블릿 프로 9,5,배송이 생각보다 빨랐고 포장도 안전하게 잘 되어있었습니다. 배터리 수명도 마음에 들고 성능이 뛰어나합니다. 디자인은 세련되고 고급스럽습니다.,2025-04-24
1378,모바일 전자기기,보조배터리 20000,2,품질이 기대에 미치지 못합니다. 배터리 수명에 문제가 있고 빨리 방전되한 점이 불만입니다. 다음에도 절대 이 브랜드 제품은 구매하지 않을 것 같습니다.,2025-02-20
1379,가전제품,스마트 냉장고 R7,4,"사용하기 정말 편리합니다. 에너지 효율가 잘 설계되어 있고, 사용이 편리해서 만족스럽습니다. 다음에도 같은 제품을 구매할 것 같습니다.",2025-03-27
1380,스마트홈,스마트 조명 세트,5,배송이 생각보다 빨랐고 포장도 안전하게 잘 되어있었습니다. 설치 용이성도 마음에 들고 휴대하기 편리합니다. 디자인은 세련되고 고급스럽습니다.,2025-01-20
1381,컴퓨터,모니터 와이드뷰,5,고객 서비스가 정말 친절했습니다. 과열한 문제가 있었는데 빠르게 해결해주셨어요. 냉각 시스템도 좋습니다.,2025-04-19
1382,스마트홈,스마트 조명 세트,3,품질이 기대에 미치지 못합니다. 연결성에 문제가 있고 소음이 심한 점이 불만입니다.,2024-12-26
1383,가전제품,전자레인지 M20,5,제품 품질이 정말 좋습니다. 스마트 기능가 특히 마음에 들어요. 에너지 효율이 좋한 점이 큰 장점입니다.,2024-11-17
1384,스마트홈,홈 CCTV 시스템,2,"사용하기 불편합니다. 음성 인식 정확도가 잘 작동하지 않고, 소음이 심한 점이 아쉽습니다.",2024-12-20
1385,음향기기,헤드폰 프로,5,"사용하기 정말 편리합니다. 사운드 품질가 잘 설계되어 있고, 유지 관리가 쉬해서 만족스럽습니다. 가격은 매우 합리적입니다.",2025-02-15
1386,가전제품,스마트 냉장고 R7,5,가성비가 정말 좋은 제품입니다. 소음 수준도 우수하고 유지 관리가 쉬한 점이 좋네요. 추천합니다. 가격은 매우 합리적입니다.,2024-11-10
1387,음향기기,사운드바 울트라,4,배송이 생각보다 빨랐고 포장도 안전하게 잘 되어있었습니다. 베이스 성능도 마음에 들고 호환성이 좋합니다. 디자인은 세련되고 고급스럽습니다.,2025-03-14
1388,음향기기,블루투스 스피커 사운드톤,1,반품 과정이 너무 복잡했습니다. 품질이 일관적이지 않한 문제로 반품을 원했는데 절차가 번거로웠습니다. 무선 연결 안정성도 별로예요.,2024-10-30
1389,가전제품,전기밥솥 쿡마스터,3,"사용하기 불편합니다. 소음 수준가 잘 작동하지 않고, 자주 끊어지한 점이 아쉽습니다.",2025-02-07
1390,음향기기,헤드폰 프로,5,제품 품질이 정말 좋습니다. 배터리 수명가 특히 마음에 들어요. 휴대하기 편리한 점이 큰 장점입니다.,2024-12-14
1391,가전제품,로봇청소기 클린맥스,1,품질이 기대에 미치지 못합니다. 세척력에 문제가 있고 자주 끊어지한 점이 불만입니다.,2025-03-13
1392,가전제품,스마트 냉장고 R7,3,가격 대비 품질이 좋지 않습니다. 에너지 효율가 부족하고 사용 설명서가 부실한 문제가 있네요.,2025-01-24
1393,컴퓨터,데스크탑 워크스테이션,5,"사용하기 정말 편리합니다. 메모리가 잘 설계되어 있고, 휴대하기 편리해서 만족스럽습니다. 디자인은 세련되고 고급스럽습니다.",2025-03-18
1394,가전제품,전자레인지 M20,5,가성비가 정말 좋은 제품입니다. 세척력도 우수하고 성능이 뛰어나한 점이 좋네요. 추천합니다. 다음에도 같은 제품을 구매할 것 같습니다.,2025-01-21
1395,음향기기,블루투스 스피커 사운드톤,5,고객 서비스가 정말 친절했습니다. 품질이 일관적이지 않한 문제가 있었는데 빠르게 해결해주셨어요. 무선 연결 안정성도 좋습니다.,2024-11-24
1396,스마트홈,스마트 도어락,4,가성비가 정말 좋은 제품입니다. 앱 사용성도 우수하고 휴대하기 편리한 점이 좋네요. 추천합니다.,2025-04-08
1397,모바일 전자기기,스마트워치 V3,3,배송이 너무 늦었고 포장도 부실했습니다. 게다가 프로세서 속도도 마음에 들지 않고 과열합니다.,2025-04-25
1398,모바일 전자기기,스마트폰 X5,5,"사용하기 정말 편리합니다. 디스플레이 품질가 잘 설계되어 있고, 성능이 뛰어나해서 만족스럽습니다.",2025-01-19
1399,스마트홈,홈 CCTV 시스템,3,"사용하기 불편합니다. 연결성가 잘 작동하지 않고, 품질이 일관적이지 않한 점이 아쉽습니다.",2025-01-21
1400,모바일 전자기기,스마트폰 X5,4,가성비가 정말 좋은 제품입니다. 프로세서 속도도 우수하고 오래 지속한 점이 좋네요. 추천합니다.,2025-04-22
1401,스마트홈,스마트 도어락,1,품질이 기대에 미치지 못합니다. 호환성에 문제가 있고 설치가 어렵한 점이 불만입니다. 다음에도 다른 제품을 찾아볼 것 같습니다.,2025-04-08
1402,모바일 전자기기,무선이어폰 플러스,2,"사용하기 불편합니다. 디자인가 잘 작동하지 않고, 느리게 작동한 점이 아쉽습니다.",2025-03-16
1403,가전제품,에어컨 Q시리즈,4,고객 서비스가 정말 친절했습니다. 소음이 심한 문제가 있었는데 빠르게 해결해주셨어요. 스마트 기능도 좋습니다.,2024-10-31
1404,모바일 전자기기,스마트폰 X5,4,"사용하기 정말 편리합니다. 디자인가 잘 설계되어 있고, 성능이 뛰어나해서 만족스럽습니다.",2024-12-02
1405,스마트홈,AI 스피커 홈,4,"사용하기 정말 편리합니다. 호환성가 잘 설계되어 있고, 가격 대비 가치가 높해서 만족스럽습니다.",2024-11-09
1406,가전제품,로봇청소기 클린맥스,5,가성비가 정말 좋은 제품입니다. 에너지 효율도 우수하고 에너지 효율이 좋한 점이 좋네요. 추천합니다.,2024-12-27
1407,컴퓨터,게이밍 노트북 GT,2,배송이 너무 늦었고 포장도 부실했습니다. 게다가 메모리도 마음에 들지 않고 설치가 어렵합니다.,2024-12-09
1408,스마트홈,AI 스피커 홈,4,가성비가 정말 좋은 제품입니다. 설치 용이성도 우수하고 가격 대비 가치가 높한 점이 좋네요. 추천합니다.,2025-01-05
1409,가전제품,스마트 냉장고 R7,5,고객 서비스가 정말 친절했습니다. 품질이 일관적이지 않한 문제가 있었는데 빠르게 해결해주셨어요. 세척력도 좋습니다.,2024-11-07
1410,모바일 전자기기,무선이어폰 플러스,3,"사용하기 불편합니다. 디자인가 잘 작동하지 않고, 품질이 일관적이지 않한 점이 아쉽습니다.",2025-01-10
1411,모바일 전자기기,무선이어폰 플러스,1,반품 과정이 너무 복잡했습니다. 가격이 비싸한 문제로 반품을 원했는데 절차가 번거로웠습니다. 디자인도 별로예요.,2025-04-19
1412,음향기기,헤드폰 프로,5,배송이 생각보다 빨랐고 포장도 안전하게 잘 되어있었습니다. 베이스 성능도 마음에 들고 가격 대비 가치가 높합니다.,2025-01-03
1413,스마트홈,AI 스피커 홈,2,배송이 너무 늦었고 포장도 부실했습니다. 게다가 앱 사용성도 마음에 들지 않고 품질이 일관적이지 않합니다.,2025-01-06
1414,모바일 전자기기,스마트폰 X5,4,고객 서비스가 정말 친절했습니다. 소음이 심한 문제가 있었는데 빠르게 해결해주셨어요. 디스플레이 품질도 좋습니다.,2024-12-06
1415,모바일 전자기기,보조배터리 20000,2,품질이 기대에 미치지 못합니다. 디스플레이 품질에 문제가 있고 사용 설명서가 부실한 점이 불만입니다.,2024-12-15
1416,음향기기,턴테이블 클래식,5,제품 품질이 정말 좋습니다. 휴대성가 특히 마음에 들어요. 디자인이 세련되한 점이 큰 장점입니다. 다음에도 같은 제품을 구매할 것 같습니다.,2025-03-31
1417,컴퓨터,모니터 와이드뷰,2,반품 과정이 너무 복잡했습니다. 고장이 잦한 문제로 반품을 원했는데 절차가 번거로웠습니다. 냉각 시스템도 별로예요.,2024-12-24
1418,스마트홈,스마트 도어락,2,품질이 기대에 미치지 못합니다. 설치 용이성에 문제가 있고 사용 설명서가 부실한 점이 불만입니다.,2024-11-23
1419,모바일 전자기기,무선이어폰 플러스,4,가성비가 정말 좋은 제품입니다. 배터리 수명도 우수하고 디자인이 세련되한 점이 좋네요. 추천합니다.,2025-01-22
1420,스마트홈,AI 스피커 홈,5,"사용하기 정말 편리합니다. 음성 인식 정확도가 잘 설계되어 있고, 휴대하기 편리해서 만족스럽습니다. 다른 제품과 비교했을 때 확실히 좋습니다.",2025-03-24
1421,가전제품,전기밥솥 쿡마스터,5,고객 서비스가 정말 친절했습니다. 자주 끊어지한 문제가 있었는데 빠르게 해결해주셨어요. 냉각 성능도 좋습니다.,2025-01-13
1422,가전제품,스마트 냉장고 R7,4,배송이 생각보다 빨랐고 포장도 안전하게 잘 되어있었습니다. 냉각 성능도 마음에 들고 유지 관리가 쉬합니다.,2024-12-19
1423,가전제품,에어컨 Q시리즈,5,"사용하기 정말 편리합니다. 에너지 효율가 잘 설계되어 있고, 사용이 편리해서 만족스럽습니다. 디자인은 세련되고 고급스럽습니다.",2025-02-23
1424,컴퓨터,모니터 와이드뷰,3,품질이 기대에 미치지 못합니다. 그래픽 성능에 문제가 있고 과열한 점이 불만입니다.,2025-01-16
1425,스마트홈,스마트 도어락,3,가격 대비 품질이 좋지 않습니다. 호환성가 부족하고 설치가 어렵한 문제가 있네요. 디자인은 세련되고 고급스럽습니다.,2024-11-28
1426,모바일 전자기기,스마트워치 V3,5,배송이 생각보다 빨랐고 포장도 안전하게 잘 되어있었습니다. 배터리 수명도 마음에 들고 호환성이 좋합니다. 가격은 매우 합리적입니다.,2025-01-19
1427,가전제품,로봇청소기 클린맥스,2,품질이 기대에 미치지 못합니다. 스마트 기능에 문제가 있고 자주 끊어지한 점이 불만입니다. 가격은 다소 비싼 편입니다.,2025-01-13
1428,음향기기,블루투스 스피커 사운드톤,5,가성비가 정말 좋은 제품입니다. 휴대성도 우수하고 디자인이 세련되한 점이 좋네요. 추천합니다. 디자인은 세련되고 고급스럽습니다.,2025-02-22
1429,스마트홈,홈 CCTV 시스템,5,고객 서비스가 정말 친절했습니다. 사용 설명서가 부실한 문제가 있었는데 빠르게 해결해주셨어요. 음성 인식 정확도도 좋습니다.,2024-12-29
1430,모바일 전자기기,보조배터리 20000,2,반품 과정이 너무 복잡했습니다. 품질이 일관적이지 않한 문제로 반품을 원했는데 절차가 번거로웠습니다. 디자인도 별로예요.,2025-01-22
1431,모바일 전자기기,무선이어폰 플러스,5,가성비가 정말 좋은 제품입니다. 프로세서 속도도 우수하고 디자인이 세련되한 점이 좋네요. 추천합니다.,2025-01-31
1432,컴퓨터,울트라북 슬림9,5,제품 품질이 정말 좋습니다. CPU 성능가 특히 마음에 들어요. 호환성이 좋한 점이 큰 장점입니다.,2024-12-16
1433,가전제품,스마트 냉장고 R7,2,가격 대비 품질이 좋지 않습니다. 세척력가 부족하고 사용 설명서가 부실한 문제가 있네요.,2024-12-21
1434,모바일 전자기기,보조배터리 20000,1,가격 대비 품질이 좋지 않습니다. 카메라 성능가 부족하고 과열한 문제가 있네요.,2024-12-02
1435,스마트홈,홈 CCTV 시스템,3,반품 과정이 너무 복잡했습니다. 느리게 작동한 문제로 반품을 원했는데 절차가 번거로웠습니다. 앱 사용성도 별로예요.,2025-02-10
1436,가전제품,로봇청소기 클린맥스,1,가격 대비 품질이 좋지 않습니다. 소음 수준가 부족하고 빨리 방전되한 문제가 있네요.,2024-12-05
1437,컴퓨터,모니터 와이드뷰,4,고객 서비스가 정말 친절했습니다. 고장이 잦한 문제가 있었는데 빠르게 해결해주셨어요. 저장 용량도 좋습니다. 다음에도 같은 제품을 구매할 것 같습니다.,2025-01-22
1438,모바일 전자기기,보조배터리 20000,2,"사용하기 불편합니다. 배터리 수명가 잘 작동하지 않고, 과열한 점이 아쉽습니다.",2024-11-20
1439,스마트홈,온도조절 시스템,4,배송이 생각보다 빨랐고 포장도 안전하게 잘 되어있었습니다. 연결성도 마음에 들고 성능이 뛰어나합니다.,2025-01-12
1440,음향기기,사운드바 울트라,5,제품 품질이 정말 좋습니다. 베이스 성능가 특히 마음에 들어요. 설치가 쉬한 점이 큰 장점입니다.,2025-02-06
1441,가전제품,로봇청소기 클린맥스,2,"사용하기 불편합니다. 에너지 효율가 잘 작동하지 않고, 소음이 심한 점이 아쉽습니다. 가격은 다소 비싼 편입니다.",2025-04-13
1442,음향기기,헤드폰 프로,3,반품 과정이 너무 복잡했습니다. 사용 설명서가 부실한 문제로 반품을 원했는데 절차가 번거로웠습니다. 베이스 성능도 별로예요.,2025-04-05
1443,스마트홈,스마트 조명 세트,5,배송이 생각보다 빨랐고 포장도 안전하게 잘 되어있었습니다. 호환성도 마음에 들고 휴대하기 편리합니다. 가격은 매우 합리적입니다.,2025-04-18
1444,모바일 전자기기,스마트폰 X5,2,가격 대비 품질이 좋지 않습니다. 카메라 성능가 부족하고 소음이 심한 문제가 있네요.,2025-02-23
1445,음향기기,턴테이블 클래식,4,제품 품질이 정말 좋습니다. 사운드 품질가 특히 마음에 들어요. 디자인이 세련되한 점이 큰 장점입니다.,2025-03-16
1446,음향기기,턴테이블 클래식,3,배송이 너무 늦었고 포장도 부실했습니다. 게다가 배터리 수명도 마음에 들지 않고 설치가 어렵합니다.,2025-01-31
1447,가전제품,에어컨 Q시리즈,4,배송이 생각보다 빨랐고 포장도 안전하게 잘 되어있었습니다. 소음 수준도 마음에 들고 성능이 뛰어나합니다. 가격은 매우 합리적입니다.,2025-04-23
1448,모바일 전자기기,스마트워치 V3,1,"사용하기 불편합니다. 배터리 수명가 잘 작동하지 않고, 소음이 심한 점이 아쉽습니다.",2024-11-12
1449,음향기기,블루투스 스피커 사운드톤,2,품질이 기대에 미치지 못합니다. 사운드 품질에 문제가 있고 빨리 방전되한 점이 불만입니다.,2025-03-31
1450,모바일 전자기기,보조배터리 20000,4,배송이 생각보다 빨랐고 포장도 안전하게 잘 되어있었습니다. 카메라 성능도 마음에 들고 사용이 편리합니다.,2024-12-27
1451,모바일 전자기기,보조배터리 20000,4,배송이 생각보다 빨랐고 포장도 안전하게 잘 되어있었습니다. 디자인도 마음에 들고 에너지 효율이 좋합니다.,2024-11-19
1452,음향기기,블루투스 스피커 사운드톤,4,"사용하기 정말 편리합니다. 사운드 품질가 잘 설계되어 있고, 가격 대비 가치가 높해서 만족스럽습니다.",2025-03-29
1453,컴퓨터,무선 키보드 마우스 세트,5,가성비가 정말 좋은 제품입니다. 메모리도 우수하고 성능이 뛰어나한 점이 좋네요. 추천합니다.,2025-01-26
1454,가전제품,전기밥솥 쿡마스터,4,제품 품질이 정말 좋습니다. 에너지 효율가 특히 마음에 들어요. 오래 지속한 점이 큰 장점입니다. 다음에도 같은 제품을 구매할 것 같습니다.,2025-02-26
1455,가전제품,스마트 냉장고 R7,3,가격 대비 품질이 좋지 않습니다. 에너지 효율가 부족하고 과열한 문제가 있네요. 디자인은 세련되고 고급스럽습니다.,2025-04-08
1456,컴퓨터,모니터 와이드뷰,5,제품 품질이 정말 좋습니다. CPU 성능가 특히 마음에 들어요. 디자인이 세련되한 점이 큰 장점입니다. 디자인은 세련되고 고급스럽습니다.,2025-04-02
1457,스마트홈,AI 스피커 홈,5,배송이 생각보다 빨랐고 포장도 안전하게 잘 되어있었습니다. 연결성도 마음에 들고 성능이 뛰어나합니다.,2025-04-16
1458,스마트홈,온도조절 시스템,4,가성비가 정말 좋은 제품입니다. 음성 인식 정확도도 우수하고 성능이 뛰어나한 점이 좋네요. 추천합니다.,2025-04-04
1459,스마트홈,홈 CCTV 시스템,4,"사용하기 정말 편리합니다. 설치 용이성가 잘 설계되어 있고, 성능이 뛰어나해서 만족스럽습니다.",2024-11-02
1460,모바일 전자기기,태블릿 프로 9,5,"사용하기 정말 편리합니다. 디자인가 잘 설계되어 있고, 호환성이 좋해서 만족스럽습니다.",2025-01-11
1461,스마트홈,홈 CCTV 시스템,2,"사용하기 불편합니다. 앱 사용성가 잘 작동하지 않고, 고장이 잦한 점이 아쉽습니다. 다음에도 절대 이 브랜드 제품은 구매하지 않을 것 같습니다.",2025-04-20
1462,모바일 전자기기,스마트폰 X5,4,제품 품질이 정말 좋습니다. 프로세서 속도가 특히 마음에 들어요. 유지 관리가 쉬한 점이 큰 장점입니다. 가격은 매우 합리적입니다.,2024-11-11
1463,컴퓨터,무선 키보드 마우스 세트,3,품질이 기대에 미치지 못합니다. 냉각 시스템에 문제가 있고 사용 설명서가 부실한 점이 불만입니다.,2024-11-02
1464,스마트홈,스마트 도어락,3,품질이 기대에 미치지 못합니다. 연결성에 문제가 있고 느리게 작동한 점이 불만입니다. 다음에도 같은 제품을 구매할 것 같습니다.,2024-11-22
1465,가전제품,스마트 냉장고 R7,3,가격 대비 품질이 좋지 않습니다. 소음 수준가 부족하고 소음이 심한 문제가 있네요.,2025-02-04
1466,음향기기,사운드바 울트라,4,"사용하기 정말 편리합니다. 사운드 품질가 잘 설계되어 있고, 설치가 쉬해서 만족스럽습니다.",2025-02-26
1467,스마트홈,스마트 조명 세트,4,제품 품질이 정말 좋습니다. 설치 용이성가 특히 마음에 들어요. 오래 지속한 점이 큰 장점입니다.,2025-03-28
1468,음향기기,턴테이블 클래식,5,고객 서비스가 정말 친절했습니다. 가격이 비싸한 문제가 있었는데 빠르게 해결해주셨어요. 휴대성도 좋습니다.,2025-04-04
1469,스마트홈,홈 CCTV 시스템,4,"사용하기 정말 편리합니다. 앱 사용성가 잘 설계되어 있고, 휴대하기 편리해서 만족스럽습니다. 다음에도 같은 제품을 구매할 것 같습니다.",2025-04-14
1470,컴퓨터,모니터 와이드뷰,5,제품 품질이 정말 좋습니다. CPU 성능가 특히 마음에 들어요. 휴대하기 편리한 점이 큰 장점입니다. 디자인은 세련되고 고급스럽습니다.,2025-04-03
1471,음향기기,턴테이블 클래식,4,제품 품질이 정말 좋습니다. 사운드 품질가 특히 마음에 들어요. 성능이 뛰어나한 점이 큰 장점입니다.,2024-10-30
1472,스마트홈,AI 스피커 홈,4,배송이 생각보다 빨랐고 포장도 안전하게 잘 되어있었습니다. 앱 사용성도 마음에 들고 오래 지속합니다.,2024-11-22
1473,가전제품,로봇청소기 클린맥스,5,고객 서비스가 정말 친절했습니다. 고장이 잦한 문제가 있었는데 빠르게 해결해주셨어요. 에너지 효율도 좋습니다.,2025-01-11
1474,음향기기,턴테이블 클래식,5,고객 서비스가 정말 친절했습니다. 가격이 비싸한 문제가 있었는데 빠르게 해결해주셨어요. 사운드 품질도 좋습니다. 다음에도 같은 제품을 구매할 것 같습니다.,2024-12-21
1475,음향기기,헤드폰 프로,1,배송이 너무 늦었고 포장도 부실했습니다. 게다가 베이스 성능도 마음에 들지 않고 빨리 방전되합니다.,2024-11-30
1476,음향기기,홈시어터 시스템,3,반품 과정이 너무 복잡했습니다. 과열한 문제로 반품을 원했는데 절차가 번거로웠습니다. 배터리 수명도 별로예요.,2025-01-19
1477,컴퓨터,데스크탑 워크스테이션,3,"사용하기 불편합니다. CPU 성능가 잘 작동하지 않고, 품질이 일관적이지 않한 점이 아쉽습니다.",2025-03-24
1478,음향기기,홈시어터 시스템,1,배송이 너무 늦었고 포장도 부실했습니다. 게다가 베이스 성능도 마음에 들지 않고 과열합니다. 디자인은 평범하습니다.,2024-12-07
1479,가전제품,에어컨 Q시리즈,3,품질이 기대에 미치지 못합니다. 세척력에 문제가 있고 설치가 어렵한 점이 불만입니다.,2024-12-10
1480,음향기기,사운드바 울트라,2,"사용하기 불편합니다. 무선 연결 안정성가 잘 작동하지 않고, 자주 끊어지한 점이 아쉽습니다.",2024-12-12
1481,스마트홈,스마트 도어락,5,배송이 생각보다 빨랐고 포장도 안전하게 잘 되어있었습니다. 연결성도 마음에 들고 디자인이 세련되합니다. 디자인은 세련되고 고급스럽습니다.,2024-11-07
1482,가전제품,스마트 냉장고 R7,1,반품 과정이 너무 복잡했습니다. 자주 끊어지한 문제로 반품을 원했는데 절차가 번거로웠습니다. 소음 수준도 별로예요. 다른 제품과 비교했을 때 비슷한 수준입니다.,2025-02-11
1483,음향기기,턴테이블 클래식,5,"사용하기 정말 편리합니다. 휴대성가 잘 설계되어 있고, 가격 대비 가치가 높해서 만족스럽습니다. 디자인은 세련되고 고급스럽습니다.",2024-11-13
1484,모바일 전자기기,무선이어폰 플러스,4,고객 서비스가 정말 친절했습니다. 자주 끊어지한 문제가 있었는데 빠르게 해결해주셨어요. 프로세서 속도도 좋습니다. 가격은 매우 합리적입니다.,2025-01-11
1485,음향기기,사운드바 울트라,5,고객 서비스가 정말 친절했습니다. 품질이 일관적이지 않한 문제가 있었는데 빠르게 해결해주셨어요. 무선 연결 안정성도 좋습니다.,2024-11-16
1486,가전제품,로봇청소기 클린맥스,3,배송이 너무 늦었고 포장도 부실했습니다. 게다가 에너지 효율도 마음에 들지 않고 느리게 작동합니다.,2025-03-13
1487,모바일 전자기기,무선이어폰 플러스,4,배송이 생각보다 빨랐고 포장도 안전하게 잘 되어있었습니다. 프로세서 속도도 마음에 들고 성능이 뛰어나합니다. 다른 제품과 비교했을 때 확실히 좋습니다.,2024-12-06
1488,컴퓨터,모니터 와이드뷰,1,배송이 너무 늦었고 포장도 부실했습니다. 게다가 그래픽 성능도 마음에 들지 않고 설치가 어렵합니다.,2025-03-19
1489,음향기기,홈시어터 시스템,3,가격 대비 품질이 좋지 않습니다. 휴대성가 부족하고 빨리 방전되한 문제가 있네요.,2024-12-02
1490,가전제품,전자레인지 M20,5,"사용하기 정말 편리합니다. 소음 수준가 잘 설계되어 있고, 유지 관리가 쉬해서 만족스럽습니다.",2024-12-19
1491,컴퓨터,울트라북 슬림9,5,가성비가 정말 좋은 제품입니다. 저장 용량도 우수하고 휴대하기 편리한 점이 좋네요. 추천합니다.,2024-11-09
1492,음향기기,턴테이블 클래식,3,품질이 기대에 미치지 못합니다. 사운드 품질에 문제가 있고 설치가 어렵한 점이 불만입니다.,2024-12-05
1493,음향기기,턴테이블 클래식,5,"사용하기 정말 편리합니다. 무선 연결 안정성가 잘 설계되어 있고, 오래 지속해서 만족스럽습니다.",2025-04-17
1494,컴퓨터,게이밍 노트북 GT,3,반품 과정이 너무 복잡했습니다. 고장이 잦한 문제로 반품을 원했는데 절차가 번거로웠습니다. 냉각 시스템도 별로예요.,2025-01-22
1495,가전제품,로봇청소기 클린맥스,3,배송이 너무 늦었고 포장도 부실했습니다. 게다가 에너지 효율도 마음에 들지 않고 가격이 비싸합니다.,2025-04-06
1496,모바일 전자기기,태블릿 프로 9,2,"사용하기 불편합니다. 카메라 성능가 잘 작동하지 않고, 빨리 방전되한 점이 아쉽습니다.",2024-11-17
1497,스마트홈,AI 스피커 홈,1,품질이 기대에 미치지 못합니다. 앱 사용성에 문제가 있고 고장이 잦한 점이 불만입니다.,2024-11-03
1498,모바일 전자기기,스마트폰 X5,5,제품 품질이 정말 좋습니다. 디자인가 특히 마음에 들어요. 호환성이 좋한 점이 큰 장점입니다. 다음에도 같은 제품을 구매할 것 같습니다.,2025-02-22
1499,스마트홈,스마트 조명 세트,2,가격 대비 품질이 좋지 않습니다. 설치 용이성가 부족하고 자주 끊어지한 문제가 있네요.,2025-01-14
